name,commune,arr,lat,lng,snap_m,snap_node_n_edges,component_size,near_ways,visited_ways,missed_ways,coverage_pct,kdtree_delta_vis,nearby_roundabouts,nearby_oneway_ways,used_dual_connector,classification
Fiyégnon-Houta,COTONOU,12ème Arrondissement,6.35059,2.348834,2.4,6,90099,16,19,0,118.8,2,0,2,False,GOOD
Dandji-Hokanmè,COTONOU,1er Arrondissement,6.36889,2.485058,28.5,11,90099,42,44,6,104.8,8,1,13,False,PARTIAL
Kowégbo,COTONOU,2ème Arrondissement,6.382226,2.465828,5.4,6,90099,37,28,9,75.7,-3,0,6,False,PARTIAL
"Ningboto
",ABOMEY-CALAVI,Godomey,6.372419,2.332808,9.0,4,90099,45,37,10,82.2,0,0,0,False,PARTIAL
Hlazounto,COTONOU,12ème Arrondissement,6.368748,2.362304,10.0,5,90099,29,23,8,79.3,2,0,2,False,PARTIAL
Yévèdo,COTONOU,7ème Arrondissement,6.366872,2.419987,2.4,4,90099,13,13,1,100.0,0,0,0,False,GOOD
Nouveau-Pont,COTONOU,5ème Arrondissement,6.368611,2.431832,8.6,4,90099,34,26,9,76.5,-4,0,7,True,PARTIAL
Hindé-Sud,COTONOU,6ème Arrondissement,6.374926,2.433785,5.1,4,90099,14,10,5,71.4,-2,0,0,False,PARTIAL
Ouéga-Tokpa,ABOMEY-CALAVI,Togba,6.473549,2.3068,8.7,3,90099,30,26,8,86.7,2,0,0,False,PARTIAL
Tankpè-Togoudo,ABOMEY-CALAVI,Godomey,6.418191,2.311011,9.4,4,90099,42,37,7,88.1,4,0,1,True,PARTIAL
Minonkpô-Wologuèdè,COTONOU,8ème Arrondissement,6.374683,2.413875,5.8,5,90099,19,18,3,94.7,-1,0,2,False,PARTIAL
"Djoukpa-Togoudo
",ABOMEY-CALAVI,Godomey,6.403575,2.337957,12.9,4,90099,44,31,13,70.5,5,0,0,False,PARTIAL
Cadjèhoun-Azalokogon,COTONOU,12ème Arrondissement,6.357934,2.399114,16.0,5,90099,48,44,6,91.7,14,0,11,True,PARTIAL
"Fifonsi
",ABOMEY-CALAVI,Togba,6.440134,2.322904,5.6,4,90099,32,27,7,84.4,2,0,1,False,PARTIAL
"Ounvènoumèdé
",ABOMEY-CALAVI,Godomey,6.387345,2.3337,12.1,5,90099,47,34,13,72.3,2,0,0,False,PARTIAL
Zoungo,ABOMEY-CALAVI,Hêvié,6.456355,2.249779,7.3,5,90099,23,22,4,95.7,5,0,7,True,PARTIAL
Tankpê-Yoho,ABOMEY-CALAVI,Abomey-Calavi,6.432376,2.310386,18.0,2,90099,46,15,31,32.6,2,0,0,False,BROKEN
Akpakpa-Dodomè,COTONOU,4ème Arrondissement,6.361032,2.444689,10.4,3,90099,37,31,16,83.8,27,0,5,True,PARTIAL
Akossavié,ABOMEY-CALAVI,Hêvié,6.405935,2.25134,19.4,3,90099,45,29,16,64.4,9,0,0,False,PARTIAL
Cadjèhoun-Kpota,COTONOU,12ème Arrondissement,6.364088,2.400424,6.8,4,90099,17,17,4,100.0,2,0,2,False,PARTIAL
Yagbé,COTONOU,1er Arrondissement,6.372773,2.468414,10.4,3,90099,41,38,8,92.7,13,0,4,True,PARTIAL
Agonkèssa,ABOMEY-CALAVI,Golo-Djigbé,6.548696,2.315507,8.0,3,90099,15,14,1,93.3,2,0,0,False,GOOD
Missèbô,COTONOU,5ème Arrondissement,6.362961,2.436275,6.4,4,90099,28,22,6,78.6,4,0,0,False,PARTIAL
Agbo Codji Sèdégbé,ABOMEY-CALAVI,Godomey,6.382409,2.320099,4.1,4,90099,85,70,15,82.4,10,0,0,False,PARTIAL
"Amahoun
",ABOMEY-CALAVI,Godomey,6.378162,2.286275,13.2,3,90099,27,23,5,85.2,2,0,0,False,PARTIAL
"Ganganzounmè
",ABOMEY-CALAVI,Godomey,6.370197,2.305203,0.7,3,90099,14,13,1,92.9,0,0,0,False,GOOD
"Gbègnigan-Midokpo
",ABOMEY-CALAVI,Godomey,6.402474,2.31816,10.5,3,90099,40,34,7,85.0,3,0,0,False,PARTIAL
"Tokpa-Zoungo-Sud
",ABOMEY-CALAVI,Abomey-Calavi,6.422988,2.34743,10.7,5,90099,12,12,0,100.0,6,0,4,True,GOOD
"Cité-la-Victoire
",ABOMEY-CALAVI,Abomey-Calavi,6.414225,2.331952,4.6,4,90099,32,23,11,71.9,1,0,2,False,PARTIAL
Ahogbohoué-Cité-Eucharistie,COTONOU,13ème Arrondissement,6.374013,2.385256,49.5,1,90099,23,4,19,17.4,0,0,0,False,BROKEN
Zinvié-Agolèdji,ABOMEY-CALAVI,Zinvié,6.603832,2.337,4.9,3,90099,3,3,0,100.0,0,0,0,False,OSM_DATA_LIMIT
Mènontin,COTONOU,9ème Arrondissement,6.391295,2.369749,2.2,5,90099,49,47,7,95.9,4,0,2,False,PARTIAL
Todoté,COTONOU,7ème Arrondissement,6.363334,2.419312,10.5,5,90099,28,26,3,92.9,-2,0,10,False,PARTIAL
Djissoukpa,ABOMEY-CALAVI,Golo-Djigbé,6.566644,2.288105,8.7,3,90099,10,6,4,60.0,0,0,0,False,PARTIAL
Missité-Sikê,COTONOU,7ème Arrondissement,6.377342,2.417275,9.4,3,90099,17,16,4,94.1,1,0,2,True,PARTIAL
Fiyégnon-Jacquot,COTONOU,12ème Arrondissement,6.352295,2.368443,6.5,4,90099,23,24,1,104.3,0,0,0,False,GOOD
Fifadji,COTONOU,9ème Arrondissement,6.393442,2.400364,1.7,4,90099,35,33,3,94.3,1,0,0,False,PARTIAL
Vodjè-Finagnon,COTONOU,11ème Arrondissement,6.372012,2.400699,10.9,5,90099,27,24,6,88.9,16,0,4,True,PARTIAL
Lom-Nava,COTONOU,2ème Arrondissement,6.377122,2.453587,1.4,5,90099,34,29,6,85.3,-3,0,8,False,PARTIAL
Espace-Saint,ABOMEY-CALAVI,Golo-Djigbé,6.564085,2.304495,10.8,2,90099,4,4,1,100.0,2,0,0,False,GOOD
"Maria-Gléta
",ABOMEY-CALAVI,Godomey,6.422174,2.30741,11.8,3,90099,34,28,11,82.4,12,0,0,False,PARTIAL
Védokô,COTONOU,10ème Arrondissement,6.379254,2.385935,29.4,2,90099,45,20,27,44.4,0,0,0,False,PARTIAL
Kpondéhou-Tchèmè,COTONOU,2ème Arrondissement,6.382342,2.453445,9.5,4,90099,27,21,7,77.8,-5,0,2,False,PARTIAL
"Alédjo
",ABOMEY-CALAVI,Abomey-Calavi,6.443044,2.334257,6.8,4,90099,33,33,5,100.0,0,0,1,False,PARTIAL
Ahowégodo,ABOMEY-CALAVI,Kpanroun,6.701198,2.352761,174.4,2,90099,1,1,0,100.0,0,0,0,False,OFF_ROAD
Agounvocôdji,COTONOU,10ème Arrondissement,6.387898,2.385571,4.7,4,90099,43,36,8,83.7,6,0,0,False,PARTIAL
Somè,ABOMEY-CALAVI,Togba,6.453545,2.298973,17.0,4,90099,34,29,6,85.3,3,0,0,False,PARTIAL
"Agonkanmey
",ABOMEY-CALAVI,Godomey,6.409046,2.337729,9.8,5,90099,45,39,9,86.7,-1,0,2,False,PARTIAL
"Dèkoungbé-Église
",ABOMEY-CALAVI,Godomey,6.371782,2.318474,2.7,4,90099,23,20,4,87.0,0,0,0,False,PARTIAL
"Finafa
",ABOMEY-CALAVI,Godomey,6.393346,2.353577,8.8,4,90099,40,34,6,85.0,2,0,0,False,PARTIAL
Minontchou,COTONOU,2ème Arrondissement,6.392861,2.450246,6.1,3,90099,32,32,1,100.0,2,0,0,False,GOOD
Zèkanmey-Domè,ABOMEY-CALAVI,Akassato,6.531632,2.341055,4.9,4,90099,29,24,5,82.8,7,0,0,False,PARTIAL
Tokpa-Hoho,COTONOU,5ème Arrondissement,6.358974,2.439452,9.5,5,90099,45,41,15,91.1,32,0,6,True,PARTIAL
Sèdami,COTONOU,7ème Arrondissement,6.370194,2.424121,5.2,4,90099,30,24,7,80.0,-3,0,2,True,PARTIAL
Gbèdjromèdè,COTONOU,6ème Arrondissement,6.379553,2.42003,2.4,7,90099,30,28,3,93.3,-2,1,11,False,PARTIAL
Cococodji,ABOMEY-CALAVI,Godomey,6.388041,2.272137,13.4,4,90099,45,36,11,80.0,5,0,6,False,PARTIAL
Sodjatinmè-Ouest,COTONOU,4ème Arrondissement,6.368479,2.44951,11.5,4,90099,20,24,5,120.0,5,0,0,False,PARTIAL
Agla-Figaro,COTONOU,13ème Arrondissement,6.378384,2.353244,2.8,5,90099,39,32,7,82.1,2,0,1,False,PARTIAL
"Tokpa
",ABOMEY-CALAVI,Godomey,6.388912,2.306642,12.3,6,90099,58,48,11,82.8,1,0,4,False,PARTIAL
Yèkon-Do,ABOMEY-CALAVI,Golo-Djigbé,6.562677,2.316385,2.2,3,90099,18,19,2,105.6,6,0,0,False,PARTIAL
Houèkè-Honou,ABOMEY-CALAVI,Akassato,6.499733,2.354828,0.5,4,90099,22,16,6,72.7,0,0,0,False,PARTIAL
Fignon-Sikê,COTONOU,7ème Arrondissement,6.374118,2.4198,1.3,6,90099,19,21,1,110.5,1,0,0,False,GOOD
Vodjè-Centre,COTONOU,11ème Arrondissement,6.368644,2.403151,1.2,6,90099,28,30,0,107.1,7,0,6,True,GOOD
Xwlacôdji-Kpodji,COTONOU,5ème Arrondissement,6.353551,2.437618,6.5,4,90099,39,34,9,87.2,3,0,4,True,PARTIAL
Gbodjètin,COTONOU,12ème Arrondissement,6.374758,2.350493,19.9,6,90099,40,22,18,55.0,-1,0,2,False,PARTIAL
Houénoussou-Sainte-Rita,COTONOU,8ème Arrondissement,6.378984,2.403643,1.1,4,90099,26,22,5,84.6,0,0,0,False,PARTIAL
Missèkplé,COTONOU,10ème Arrondissement,6.386201,2.404705,4.0,4,90099,22,21,4,95.5,2,0,0,True,PARTIAL
Sètôvi,COTONOU,10ème Arrondissement,6.381389,2.388391,2.2,4,90099,30,26,5,86.7,1,0,0,False,PARTIAL
Kpondéhou,COTONOU,2ème Arrondissement,6.385806,2.4535,8.7,4,90099,20,19,1,95.0,0,0,0,False,GOOD
Sokan,ABOMEY-CALAVI,Zinvié,6.602299,2.35171,9.5,5,90099,15,17,2,113.3,5,0,0,False,PARTIAL
"Aïtchédji
",ABOMEY-CALAVI,Abomey-Calavi,6.453064,2.337776,4.2,5,90099,36,33,7,91.7,6,0,2,False,PARTIAL
Cadjèhoun-Détinsa,COTONOU,12ème Arrondissement,6.367157,2.404373,4.4,5,90099,31,36,1,116.1,3,0,9,True,GOOD
Ahouansouri-Agué,COTONOU,6ème Arrondissement,6.388161,2.421157,10.2,2,90099,27,16,12,59.3,-3,0,9,False,PARTIAL
"Gbodjè-Womey
",ABOMEY-CALAVI,Godomey,6.386949,2.284048,10.0,3,90099,53,32,22,60.4,8,0,4,False,PARTIAL
Houèto,ABOMEY-CALAVI,Togba,6.440538,2.303695,11.3,5,90099,42,37,5,88.1,3,0,0,False,PARTIAL
"Finafa
",ABOMEY-CALAVI,Abomey-Calavi,6.44162,2.347095,4.6,3,90099,41,30,12,73.2,1,0,1,False,PARTIAL
Vossa-Kpodji,COTONOU,9ème Arrondissement,6.395427,2.405403,5.2,2,90099,12,9,3,75.0,0,0,0,False,PARTIAL
Alègléta,ABOMEY-CALAVI,Godomey,6.417671,2.319668,6.0,4,90099,58,46,13,79.3,2,0,0,False,PARTIAL
Yèmicodji,COTONOU,12ème Arrondissement,6.360712,2.333323,11.8,4,90099,36,37,2,102.8,5,0,0,False,PARTIAL
Dangbodji,ABOMEY-CALAVI,Zinvié,6.617268,2.319582,2.0,4,90099,4,4,0,100.0,0,0,0,False,GOOD
Vodjè-Ayidoté,COTONOU,11ème Arrondissement,6.37393,2.403177,7.0,4,90099,32,26,9,81.2,4,0,2,False,PARTIAL
Godomey-Togoudo,ABOMEY-CALAVI,Godomey,6.401429,2.341327,4.6,3,90099,31,25,6,80.6,3,0,4,True,PARTIAL
Yèvié,ABOMEY-CALAVI,Zinvié,6.597264,2.374925,11.1,2,90099,10,9,3,90.0,2,0,0,False,PARTIAL
Wawata,ABOMEY-CALAVI,Zinvié,6.62534,2.322947,5.3,3,90099,14,11,4,78.6,1,0,0,False,PARTIAL
Agonmé,ABOMEY-CALAVI,Akassato,6.550911,2.338356,1.6,3,90099,19,19,1,100.0,4,0,0,False,GOOD
Kolètin,ABOMEY-CALAVI,Akassato,6.570911,2.353408,14.0,4,90099,14,13,1,92.9,1,0,0,False,GOOD
Togbin-Daho,ABOMEY-CALAVI,Godomey,6.354858,2.307201,6.5,3,90099,11,9,2,81.8,-2,0,0,False,PARTIAL
Kpotomey,ABOMEY-CALAVI,Zinvié,6.629979,2.35663,13.5,4,90099,14,12,2,85.7,0,0,0,False,PARTIAL
"Tokpa-Zoungo-Nord
",ABOMEY-CALAVI,Abomey-Calavi,6.433522,2.351276,8.1,4,90099,24,26,3,108.3,25,0,4,False,PARTIAL
Sodjatinmè-Centre,COTONOU,4ème Arrondissement,6.368392,2.454466,5.1,4,90099,36,35,7,97.2,20,0,2,False,PARTIAL
Avotrou-Gbègo,COTONOU,1er Arrondissement,6.376988,2.468062,11.9,4,90099,32,22,13,68.8,-10,0,4,False,PARTIAL
Kpaviédja,ABOMEY-CALAVI,Kpanroun,6.671214,2.339958,5.3,4,90099,3,3,0,100.0,0,0,0,False,OSM_DATA_LIMIT
Gankpodo,COTONOU,2ème Arrondissement,6.39184,2.453549,16.7,4,90099,30,28,2,93.3,0,0,0,False,PARTIAL
Zinvié-Fandji,ABOMEY-CALAVI,Zinvié,6.613796,2.356809,8.9,3,90099,35,28,8,80.0,3,0,0,False,PARTIAL
"Fignonhou
",ABOMEY-CALAVI,Godomey,6.376257,2.337084,15.1,4,90099,51,32,21,62.7,0,0,0,False,PARTIAL
Gbodjè,ABOMEY-CALAVI,Zinvié,6.594872,2.386427,,0,0,1,0,1,0.0,0,0,0,False,OFF_ROAD
Adovié,ABOMEY-CALAVI,Hêvié,6.424668,2.259279,6.5,5,90099,37,33,5,89.2,4,0,2,False,PARTIAL
Gbènan,COTONOU,7ème Arrondissement,6.36638,2.423211,5.3,4,90099,19,18,3,94.7,0,0,2,False,PARTIAL
Gbèdomidji,COTONOU,7ème Arrondissement,6.363787,2.422413,2.2,4,90099,25,19,6,76.0,0,0,2,False,PARTIAL
Domey-Gbo,ABOMEY-CALAVI,Golo-Djigbé,6.537864,2.324585,10.2,4,90099,17,15,2,88.2,1,0,0,False,PARTIAL
Adjaha-Cité,COTONOU,13ème Arrondissement,6.36102,2.374064,8.7,2,90099,46,44,9,95.7,3,0,7,False,PARTIAL
Fidjrossè-Kpota,COTONOU,12ème Arrondissement,6.35811,2.3604,12.6,3,90099,39,28,11,71.8,1,0,0,False,PARTIAL
Cadjèhoun-Aupiais,COTONOU,12ème Arrondissement,6.356654,2.404294,6.1,4,90099,21,15,6,71.4,0,0,2,False,PARTIAL
"Aïmèvo
",ABOMEY-CALAVI,Godomey,6.389165,2.342289,12.5,3,90099,35,26,9,74.3,5,0,0,False,PARTIAL
Aïdjèdo,COTONOU,6ème Arrondissement,6.379548,2.424858,7.5,4,90099,19,19,1,100.0,0,0,0,False,GOOD
Missité,COTONOU,13ème Arrondissement,6.366179,2.388789,6.4,4,90099,38,27,11,71.1,5,0,0,False,PARTIAL
Avotrou-Aïmonlonfidé,COTONOU,1er Arrondissement,6.382264,2.472211,2.4,4,90099,34,33,7,97.1,6,0,0,False,PARTIAL
Cadjèhoun-Gare,COTONOU,12ème Arrondissement,6.361853,2.40415,7.5,4,90099,16,15,2,93.8,0,0,0,False,PARTIAL
Adôgléta,COTONOU,3ème Arrondissement,6.385718,2.440328,11.0,4,90099,37,34,6,91.9,-1,0,2,False,PARTIAL
Ahouansouri-Agata,COTONOU,6ème Arrondissement,6.382916,2.424336,7.0,5,90099,34,38,3,111.8,5,1,8,True,PARTIAL
Kansounkpa,ABOMEY-CALAVI,Abomey-Calavi,6.507109,2.315061,6.2,3,90099,32,32,4,100.0,6,0,0,False,PARTIAL
Agla-Akplomey,COTONOU,13ème Arrondissement,6.384276,2.35645,4.1,4,90099,34,34,2,100.0,2,0,0,False,PARTIAL
Irédé,COTONOU,2ème Arrondissement,6.372437,2.457055,6.9,8,90099,22,23,1,104.5,2,0,2,False,GOOD
"Womey-Centre
",ABOMEY-CALAVI,Godomey,6.405839,2.305494,20.6,3,90099,59,62,6,105.1,20,0,0,False,PARTIAL
Dédokpo,COTONOU,4ème Arrondissement,6.367694,2.442308,17.8,4,90099,23,20,5,87.0,1,0,0,False,PARTIAL
"Sodo
",ABOMEY-CALAVI,Godomey,6.403401,2.294956,7.3,4,90099,48,40,10,83.3,1,0,8,False,PARTIAL
Kpankpan,COTONOU,3ème Arrondissement,6.377175,2.439282,5.2,4,90099,36,30,8,83.3,-2,0,2,False,PARTIAL
Tanto,COTONOU,1er Arrondissement,6.367756,2.472004,7.4,5,90099,28,16,12,57.1,-1,0,2,False,PARTIAL
Vodjè-Allobatin,COTONOU,11ème Arrondissement,6.369169,2.406858,9.8,5,90099,13,24,0,184.6,8,0,2,True,GOOD
Ahouanlèko,COTONOU,12ème Arrondissement,6.353326,2.407532,7.8,2,90099,47,27,22,57.4,1,1,5,False,PARTIAL
Zèkanmey,ABOMEY-CALAVI,Golo-Djigbé,6.55181,2.304305,3.3,4,90099,11,9,2,81.8,0,0,0,False,PARTIAL
Sènadé,COTONOU,2ème Arrondissement,6.379689,2.457251,2.9,4,90099,34,29,8,85.3,-4,0,0,False,PARTIAL
Agontinkon,COTONOU,8ème Arrondissement,6.377384,2.407534,4.9,4,90099,14,18,0,128.6,1,0,2,False,GOOD
Yénawa-Daho,COTONOU,2ème Arrondissement,6.388404,2.472149,15.6,4,90099,31,23,8,74.2,0,0,0,False,PARTIAL
Avotrou-Houézèkomè,COTONOU,1er Arrondissement,6.376949,2.475943,11.0,6,90099,35,27,9,77.1,-2,0,2,False,PARTIAL
Ahogbohoué-Cité-De-l'Expérience,COTONOU,13ème Arrondissement,6.378693,2.373729,25.5,2,90099,34,12,22,35.3,-1,0,2,False,BROKEN
Atrokpo-Codji,ABOMEY-CALAVI,Godomey,6.388,2.321814,11.4,7,90099,62,49,14,79.0,2,0,4,True,PARTIAL
Gbodjoko,ABOMEY-CALAVI,Zinvié,6.58516,2.32281,12.6,3,90099,12,10,2,83.3,-1,0,0,False,PARTIAL
Aïdjèdo-Ahito,COTONOU,6ème Arrondissement,6.377219,2.4219,3.5,5,90099,29,28,4,96.6,0,0,2,False,PARTIAL
Ahouato,ABOMEY-CALAVI,Ouèdo,6.420382,2.274508,17.8,3,90099,24,22,2,91.7,6,0,0,False,PARTIAL
Xwlacôdji-Plage,COTONOU,5ème Arrondissement,6.352469,2.440702,6.9,3,90099,20,15,5,75.0,4,0,0,False,PARTIAL
Gbégamey-Dodo-Ayidjè,COTONOU,11ème Arrondissement,6.367586,2.409717,4.8,4,90099,12,15,0,125.0,1,0,0,False,GOOD
Hlacômey,COTONOU,3ème Arrondissement,6.388684,2.440824,5.2,4,90099,36,42,2,116.7,11,0,4,False,PARTIAL
Anagbo,ABOMEY-CALAVI,Kpanroun,6.687158,2.338777,2.6,4,90099,4,4,0,100.0,0,0,0,False,GOOD
Zongo-Nima,COTONOU,5ème Arrondissement,6.356251,2.427883,10.6,5,90099,29,25,10,86.2,1,0,8,False,PARTIAL
Misséssinto,ABOMEY-CALAVI,Akassato,6.515327,2.363089,4.3,4,90099,39,30,12,76.9,7,0,2,True,PARTIAL
"Cité-les-Palmiers
",ABOMEY-CALAVI,Abomey-Calavi,6.479119,2.337516,16.5,3,90099,36,33,4,91.7,1,0,0,False,PARTIAL
Agbatô,COTONOU,3ème Arrondissement,6.393527,2.441546,90.0,3,90099,20,2,18,10.0,0,0,0,False,BROKEN
Kpé,ABOMEY-CALAVI,Kpanroun,6.653408,2.356156,3.7,3,90099,4,3,1,75.0,0,0,0,False,PARTIAL
Zongo-Ehuzu,COTONOU,5ème Arrondissement,6.352604,2.424037,3.3,5,90099,20,20,3,100.0,0,1,5,False,PARTIAL
Ahouansori-Towéta,COTONOU,6ème Arrondissement,6.387585,2.427553,83.1,2,90099,29,10,19,34.5,2,0,2,False,BROKEN
Agongbé,ABOMEY-CALAVI,Golo-Djigbé,6.531936,2.308476,67.5,2,90099,25,15,12,60.0,7,0,0,False,PARTIAL
Tokplégbé,COTONOU,1er Arrondissement,6.36473,2.489578,2.9,5,90099,22,23,1,104.5,-1,0,4,False,GOOD
"Hounzévié
",ABOMEY-CALAVI,Hêvié,6.423287,2.237042,10.4,3,90099,28,15,13,53.6,1,0,0,False,PARTIAL
Fidjrossè-Centre,COTONOU,12ème Arrondissement,6.357693,2.370617,9.7,3,90099,40,35,8,87.5,3,0,0,False,PARTIAL
Sodjatinmè-Est,COTONOU,4ème Arrondissement,6.370001,2.459957,2.7,3,90099,25,21,6,84.0,2,0,2,False,PARTIAL
Adjagbo,ABOMEY-CALAVI,Ouèdo,6.479041,2.279968,11.9,2,90099,15,21,2,140.0,7,0,0,False,PARTIAL
Gbégamey-Ahito,COTONOU,11ème Arrondissement,6.364892,2.408136,5.8,5,90099,33,26,9,78.8,1,0,3,True,PARTIAL
Dandji,COTONOU,1er Arrondissement,6.36827,2.478233,6.4,6,90099,32,30,5,93.8,4,1,5,False,PARTIAL
Godomey-N'Gbèho,ABOMEY-CALAVI,Godomey,6.372827,2.340682,4.0,4,90099,55,49,9,89.1,1,0,0,False,PARTIAL
"Zoundja
",ABOMEY-CALAVI,Abomey-Calavi,6.49741,2.336395,11.0,7,90099,26,18,8,69.2,8,0,5,True,PARTIAL
Abokicodji-Lagune,COTONOU,4ème Arrondissement,6.364563,2.442343,27.9,6,90099,23,24,1,104.3,3,0,0,False,GOOD
Mèdédjro,COTONOU,8ème Arrondissement,6.384965,2.410204,12.7,4,90099,19,16,4,84.2,1,0,0,False,PARTIAL
Zogbo,COTONOU,9ème Arrondissement,6.392713,2.390599,2.2,3,90099,35,22,14,62.9,0,0,0,False,PARTIAL
Mifongou,COTONOU,5ème Arrondissement,6.363625,2.425367,14.1,5,90099,29,29,3,100.0,2,0,8,False,PARTIAL
Gbégamey-Gbagoudo,COTONOU,11ème Arrondissement,6.371445,2.409802,13.6,11,90099,39,44,5,112.8,12,1,12,True,PARTIAL
Agla-Petit-Château,COTONOU,13ème Arrondissement,6.381824,2.372759,6.7,3,90099,52,47,6,90.4,19,0,3,True,PARTIAL
Midédji,COTONOU,10ème Arrondissement,6.386138,2.392249,2.3,4,90099,40,29,14,72.5,3,0,0,False,PARTIAL
Houénoussou,COTONOU,13ème Arrondissement,6.366685,2.391291,5.3,6,90099,36,28,9,77.8,2,0,3,False,PARTIAL
"Aïdégnon
",ABOMEY-CALAVI,Togba,6.450654,2.326256,25.7,3,90099,45,32,16,71.1,7,0,0,False,PARTIAL
"Zounga
",ABOMEY-CALAVI,Godomey,6.380857,2.292517,11.5,4,90099,45,41,4,91.1,0,0,0,False,PARTIAL
"Abikouholi
",ABOMEY-CALAVI,Godomey,6.373425,2.324371,9.0,3,90099,39,32,7,82.1,0,0,0,False,PARTIAL
Togbin-Fandji,ABOMEY-CALAVI,Godomey,6.354732,2.330312,4.6,4,90099,24,20,4,83.3,0,0,0,False,PARTIAL
Gbéto,COTONOU,5ème Arrondissement,6.360141,2.425343,6.7,4,90099,24,21,5,87.5,4,0,2,True,PARTIAL
Sèdomey,ABOMEY-CALAVI,Godomey,6.404703,2.341502,9.1,4,90099,41,28,16,68.3,2,0,13,True,PARTIAL
Bozoun,ABOMEY-CALAVI,Kpanroun,6.684059,2.392703,12.9,2,90099,4,3,1,75.0,0,0,0,False,PARTIAL
Agbondjèdo,COTONOU,8ème Arrondissement,6.375052,2.409389,11.5,4,90099,21,20,3,95.2,3,0,0,False,PARTIAL
Fifadji-Houto (Jak),COTONOU,4ème Arrondissement,6.36292,2.459258,10.7,3,90099,31,20,11,64.5,-1,0,2,False,PARTIAL
Missogbé,COTONOU,10ème Arrondissement,6.381107,2.391582,5.4,4,90099,37,35,7,94.6,2,1,9,False,PARTIAL
Agamandin,ABOMEY-CALAVI,Abomey-Calavi,6.459126,2.359418,4.5,4,90099,38,26,12,68.4,0,0,0,False,PARTIAL
Aïdjèdo-Gbègo,COTONOU,6ème Arrondissement,6.382621,2.42775,5.1,4,90099,18,14,6,77.8,0,0,0,False,PARTIAL
Jéricho-Nord,COTONOU,6ème Arrondissement,6.375399,2.425647,12.7,5,90099,24,21,7,87.5,-5,0,5,False,PARTIAL
Misséssin,COTONOU,4ème Arrondissement,6.370645,2.443651,24.5,4,90099,32,31,7,96.9,5,0,2,True,PARTIAL
Gbodjo,ABOMEY-CALAVI,Abomey-Calavi,6.468531,2.360021,10.9,3,90099,27,22,5,81.5,3,0,0,False,PARTIAL
Kindonou,COTONOU,9ème Arrondissement,6.392222,2.364254,6.3,5,90099,35,28,9,80.0,1,0,2,False,PARTIAL
"Yénandjro
",ABOMEY-CALAVI,Godomey,6.410203,2.313503,3.7,4,90099,51,43,8,84.3,4,0,0,False,PARTIAL
"Houégoudo
",ABOMEY-CALAVI,Zinvié,6.630823,2.34209,5.3,3,90099,4,3,1,75.0,0,0,0,False,PARTIAL
"Dénou
",ABOMEY-CALAVI,Godomey,6.380664,2.340791,27.8,6,90099,58,45,20,77.6,8,0,16,True,PARTIAL
Djigbo,ABOMEY-CALAVI,Kpanroun,6.687702,2.374768,11.1,3,90099,3,3,0,100.0,1,0,0,False,OSM_DATA_LIMIT
Djédjé-Layé,COTONOU,2ème Arrondissement,6.388456,2.459343,12.6,5,90099,35,24,14,68.6,2,0,6,True,PARTIAL
"Hêdomè
",ABOMEY-CALAVI,Godomey,6.374946,2.307905,5.9,3,90099,23,22,1,95.7,0,0,0,False,GOOD
Ahouassa,COTONOU,2ème Arrondissement,6.382286,2.45933,10.2,4,90099,34,26,8,76.5,-3,0,5,True,PARTIAL
Zinvié-Zounmè,ABOMEY-CALAVI,Zinvié,6.622386,2.347936,5.2,3,90099,17,15,3,88.2,3,0,0,False,PARTIAL
Midombo,COTONOU,3ème Arrondissement,6.377283,2.44456,5.0,4,90099,28,25,5,89.3,-1,0,2,True,PARTIAL
"Adjamè
",ABOMEY-CALAVI,Golo-Djigbé,6.562398,2.297066,6.7,3,90099,9,8,2,88.9,1,0,0,False,PARTIAL
Ladji,COTONOU,6ème Arrondissement,6.39135,2.428146,0.5,2,90099,15,7,8,46.7,0,0,0,False,PARTIAL
Sènadé-Sèkon,COTONOU,2ème Arrondissement,6.375689,2.45955,4.0,3,90099,35,34,7,97.1,3,0,7,True,PARTIAL
Avagbé,ABOMEY-CALAVI,Kpanroun,6.668193,2.37577,18.0,3,90099,4,4,0,100.0,0,0,0,False,GOOD
"Assrossa
",ABOMEY-CALAVI,Godomey,6.409462,2.326907,9.3,4,90099,39,36,5,92.3,2,0,0,False,PARTIAL
Vossa,COTONOU,6ème Arrondissement,6.392753,2.40955,5.7,3,90099,17,14,3,82.4,0,0,0,False,PARTIAL
Yêkon-Aga,ABOMEY-CALAVI,Golo-Djigbé,6.558756,2.312139,4.8,3,90099,8,7,1,87.5,0,0,0,False,GOOD
Agassa-Godomey,ABOMEY-CALAVI,Akassato,6.545053,2.364811,8.5,4,90099,33,29,7,87.9,6,0,0,False,PARTIAL
"Dessato
",ABOMEY-CALAVI,Ouèdo,6.466031,2.26707,11.1,4,90099,17,15,2,88.2,0,0,0,False,PARTIAL
Gbénonkpô,COTONOU,3ème Arrondissement,6.371912,2.442459,11.2,7,90099,31,32,3,103.2,2,0,4,False,PARTIAL
Adjégounlè,COTONOU,3ème Arrondissement,6.374871,2.444524,10.7,3,90099,22,20,2,90.9,0,0,0,False,PARTIAL
Salamey,ABOMEY-CALAVI,Godomey,6.391982,2.342433,11.0,2,90099,45,35,10,77.8,5,0,0,False,PARTIAL
Aïdjèdo-Vignon,COTONOU,6ème Arrondissement,6.377381,2.428167,11.5,6,90099,32,26,11,81.2,-5,0,5,False,PARTIAL
Sègbèya-Sud,COTONOU,3ème Arrondissement,6.382394,2.444604,8.1,4,90099,33,29,5,87.9,-1,0,2,False,PARTIAL
Dota,COTONOU,5ème Arrondissement,6.359771,2.429022,6.2,5,90099,17,16,2,94.1,-2,0,2,False,PARTIAL
"Fandji
",ABOMEY-CALAVI,Godomey,6.387334,2.296214,12.4,5,90099,48,37,11,77.1,13,0,4,True,PARTIAL
Sègbèya-Nord,COTONOU,3ème Arrondissement,6.388634,2.444684,6.7,4,90099,39,35,7,89.7,-3,0,2,False,PARTIAL
Tankpè-Tanmè,ABOMEY-CALAVI,Togba,6.427859,2.326013,24.9,3,90099,69,52,21,75.4,9,0,0,False,PARTIAL
Abokicodji-Centre,COTONOU,4ème Arrondissement,6.366356,2.446817,6.4,7,90099,27,33,2,122.2,7,0,4,False,PARTIAL
Cadjèhoun-Agonga,COTONOU,12ème Arrondissement,6.358597,2.395776,2.6,4,90099,34,26,9,76.5,0,0,1,False,PARTIAL
Adjagbo,ABOMEY-CALAVI,Akassato,6.527113,2.352959,17.6,4,90099,37,22,15,59.5,-2,0,0,False,PARTIAL
Jéricho-Sud,COTONOU,6ème Arrondissement,6.37147,2.429472,3.2,4,90099,32,24,8,75.0,4,0,2,False,PARTIAL
Sèdjro-Saint-Michel,COTONOU,7ème Arrondissement,6.367091,2.429931,2.2,4,90099,33,27,7,81.8,-4,0,9,False,PARTIAL
Gbèdagba,COTONOU,8ème Arrondissement,6.382153,2.413428,7.9,4,90099,26,22,8,84.6,1,0,2,False,PARTIAL
Tchanhounkpamè,COTONOU,1er Arrondissement,6.379552,2.480469,16.5,4,90099,39,36,7,92.3,5,0,2,False,PARTIAL
Houinmè,ABOMEY-CALAVI,Hêvié,6.417919,2.227346,5.8,3,90099,25,26,4,104.0,7,0,0,False,PARTIAL
Aïbatin-Kpota,COTONOU,13ème Arrondissement,6.363429,2.381252,7.1,3,90099,31,15,17,48.4,2,0,0,False,PARTIAL
Sogan,ABOMEY-CALAVI,Hêvié,6.399896,2.269108,10.1,3,90099,32,24,9,75.0,11,0,2,False,PARTIAL
Gbédokpo,COTONOU,5ème Arrondissement,6.363856,2.430031,17.2,3,90099,26,22,6,84.6,-2,0,2,True,PARTIAL
"Fandji
",ABOMEY-CALAVI,Abomey-Calavi,6.465893,2.34742,7.5,4,90099,18,19,1,105.6,2,0,0,False,GOOD
Wawata-Todja,ABOMEY-CALAVI,Zinvié,6.631162,2.311567,4.3,3,90099,11,10,1,90.9,-1,0,0,False,GOOD
Dagbédji-Sikê,COTONOU,7ème Arrondissement,6.369584,2.412136,13.1,4,90099,32,41,3,128.1,23,0,6,True,PARTIAL
Sèmè,ABOMEY-CALAVI,Abomey-Calavi,6.458023,2.345315,4.1,3,90099,46,31,16,67.4,3,0,0,False,PARTIAL
Houéhoun,COTONOU,8ème Arrondissement,6.379432,2.410071,3.4,6,90099,25,28,5,112.0,-1,0,2,False,PARTIAL
Gbégamey-Mifongou,COTONOU,11ème Arrondissement,6.360589,2.409731,3.4,3,90099,26,18,9,69.2,2,0,4,True,PARTIAL
Finagnon,COTONOU,1er Arrondissement,6.36457,2.477085,2.9,3,90099,18,19,0,105.6,0,0,2,False,GOOD
Nvènamèdé,COTONOU,1er Arrondissement,6.370328,2.464196,1.2,3,90099,40,28,13,70.0,-5,0,0,False,PARTIAL
Tokan,ABOMEY-CALAVI,Togba,6.451317,2.312681,75.5,2,90099,40,35,8,87.5,4,0,0,False,PARTIAL
Houéyihô-Tannou,COTONOU,11ème Arrondissement,6.373475,2.391825,1.8,5,90099,57,30,28,52.6,17,0,2,True,PARTIAL
Agonsoudja,ABOMEY-CALAVI,Akassato,6.565948,2.348987,5.7,3,90099,15,12,3,80.0,1,0,0,False,PARTIAL
Dokomè,ABOMEY-CALAVI,Zinvié,6.575012,2.362904,91.5,1,90099,10,3,7,30.0,0,0,0,False,BROKEN
Dossounou,ABOMEY-CALAVI,Hêvié,6.464409,2.229614,9.0,4,90099,13,12,2,92.3,3,0,0,False,PARTIAL
Glo-Tokpa,ABOMEY-CALAVI,Akassato,6.526431,2.363493,1.9,4,90099,14,12,2,85.7,1,0,0,False,PARTIAL
Gbégamey-Centre,COTONOU,11ème Arrondissement,6.363258,2.411956,9.4,4,90099,22,25,1,113.6,3,0,3,True,GOOD
Houèkè-Gbo,ABOMEY-CALAVI,Akassato,6.492245,2.364886,10.6,3,90099,25,22,10,88.0,13,0,0,False,PARTIAL
Aïbatin-Dodo,COTONOU,12ème Arrondissement,6.361853,2.383413,12.1,6,90099,28,29,3,103.6,4,0,0,False,PARTIAL
Logbozounkpa,ABOMEY-CALAVI,Godomey,6.382395,2.311583,6.4,4,90099,69,50,20,72.5,3,0,0,False,PARTIAL
Haie-Vive-Cocotiers,COTONOU,12ème Arrondissement,6.354922,2.398009,1.9,3,90099,71,40,31,56.3,2,0,4,True,PARTIAL
Yénawa,COTONOU,2ème Arrondissement,6.389335,2.465915,6.6,5,90099,42,35,8,83.3,0,0,4,True,PARTIAL
Azonsa,ABOMEY-CALAVI,Golo-Djigbé,6.546532,2.330072,4.6,6,90099,7,8,0,114.3,0,0,0,False,GOOD
Ahouansori-Towéta-Kpota,COTONOU,6ème Arrondissement,6.389331,2.431539,2.4,4,90099,25,23,2,92.0,1,0,2,False,PARTIAL
Houéyihô,COTONOU,11ème Arrondissement,6.368311,2.394263,2.0,4,90099,40,21,21,52.5,2,1,11,True,PARTIAL
"Tchinangbégbo
",ABOMEY-CALAVI,Abomey-Calavi,6.435228,2.337486,14.2,3,90099,40,29,13,72.5,0,0,0,False,PARTIAL
Adjogansa,ABOMEY-CALAVI,Zinvié,6.578527,2.328928,7.9,4,90099,10,7,3,70.0,0,0,0,False,PARTIAL
"Dèkoungbé
",ABOMEY-CALAVI,Godomey,6.377795,2.32958,7.0,4,90099,39,29,10,74.4,2,0,0,False,PARTIAL
Yénawa-Fifadji,COTONOU,10ème Arrondissement,6.38849,2.396319,7.5,4,90099,30,23,8,76.7,0,0,0,False,PARTIAL
Missité,COTONOU,5ème Arrondissement,6.361834,2.431661,5.7,5,90099,26,24,4,92.3,-1,0,4,True,PARTIAL
Togbin-Kpèvi,ABOMEY-CALAVI,Godomey,6.358268,2.313871,9.1,3,90099,16,15,2,93.8,1,0,0,False,PARTIAL
"Plateau
",ABOMEY-CALAVI,Godomey,6.384958,2.346964,13.0,2,90099,49,41,10,83.7,9,0,4,True,PARTIAL
Kpossidja,ABOMEY-CALAVI,Ouèdo,6.48423,2.266889,10.5,4,90099,11,9,2,81.8,1,0,0,False,PARTIAL
Avlékété-Joncquet,COTONOU,5ème Arrondissement,6.359292,2.431525,5.6,4,90099,23,19,4,82.6,0,0,1,False,PARTIAL
Gbèdjèwin,COTONOU,4ème Arrondissement,6.369917,2.446855,5.2,9,90099,33,36,1,109.1,12,1,5,True,GOOD
"La-Paix
",ABOMEY-CALAVI,Godomey,6.389041,2.312788,8.8,7,90099,64,52,17,81.2,7,0,5,True,PARTIAL
Aïfa-Calavi,ABOMEY-CALAVI,Abomey-Calavi,6.46997,2.328511,7.2,4,90099,27,25,3,92.6,2,0,0,False,PARTIAL
"Nonhouénou
",ABOMEY-CALAVI,Godomey,6.39457,2.345129,0.6,8,90099,45,38,10,84.4,5,0,4,True,PARTIAL
"Hounsa-Agbodokpa
",ABOMEY-CALAVI,Godomey,6.402109,2.328718,10.8,4,90099,48,41,8,85.4,6,0,0,False,PARTIAL
Zogbohouè,COTONOU,9ème Arrondissement,6.390658,2.381211,3.1,3,90099,45,35,12,77.8,3,0,0,False,PARTIAL
Djidjè-Aïchédji,COTONOU,6ème Arrondissement,6.385493,2.432327,0.6,4,90099,14,15,0,107.1,0,0,0,False,GOOD
Gbénonkpô,COTONOU,10ème Arrondissement,6.382847,2.397775,52.2,4,90099,27,12,16,44.4,0,0,0,False,PARTIAL
Golo-Fanto,ABOMEY-CALAVI,Golo-Djigbé,6.575138,2.31632,17.0,4,90099,18,21,0,116.7,3,0,0,False,GOOD
Yolomahouto,ABOMEY-CALAVI,Godomey,6.390357,2.346424,5.3,4,90099,51,49,6,96.1,12,0,0,True,PARTIAL
Énagnon-Sikê,COTONOU,7ème Arrondissement,6.370903,2.416722,10.0,3,90099,27,26,3,96.3,0,0,2,True,PARTIAL
Agori,ABOMEY-CALAVI,Abomey-Calavi,6.445881,2.354152,30.2,6,90099,42,48,4,114.3,13,0,11,True,PARTIAL
Guinkômey,COTONOU,5ème Arrondissement,6.35653,2.43588,33.0,3,90099,76,52,30,68.4,31,1,14,True,PARTIAL
Akôgbato,COTONOU,12ème Arrondissement,6.358346,2.347183,3.5,4,90099,35,33,7,94.3,7,0,2,False,PARTIAL
Ayélawadjè-Agongbomè,COTONOU,3ème Arrondissement,6.382407,2.449617,5.1,6,90099,30,32,2,106.7,1,0,2,False,PARTIAL
Ohé,COTONOU,4ème Arrondissement,6.363356,2.446385,21.0,3,90099,48,42,7,87.5,0,0,11,True,PARTIAL
Lohoussa,ABOMEY-CALAVI,Golo-Djigbé,6.567022,2.331975,6.7,3,90099,10,6,4,60.0,0,0,0,False,PARTIAL
Yèvié-Nougo,ABOMEY-CALAVI,Zinvié,6.608679,2.364813,9.6,3,90099,17,10,8,58.8,-6,0,0,False,PARTIAL
Djidjè,COTONOU,6ème Arrondissement,6.380254,2.431892,3.9,4,90099,24,18,8,75.0,-1,0,2,True,PARTIAL
Kouhounou,COTONOU,10ème Arrondissement,6.383531,2.378634,7.0,3,90099,36,29,10,80.6,19,0,9,True,PARTIAL
Suru-Léré,COTONOU,1er Arrondissement,6.379646,2.463448,8.7,4,90099,33,25,8,75.8,-5,0,2,False,PARTIAL
Fifatin,COTONOU,3ème Arrondissement,6.371891,2.451625,11.8,7,90099,38,35,5,92.1,0,1,9,True,PARTIAL
Zopah-Kokpo,ABOMEY-CALAVI,Abomey-Calavi,6.481315,2.357438,12.5,5,90099,28,22,7,78.6,9,0,4,True,PARTIAL
"Gninkindji
",ABOMEY-CALAVI,Godomey,6.375649,2.314626,6.6,3,90099,38,27,12,71.1,0,0,0,False,PARTIAL
Agbodjèdo,COTONOU,3ème Arrondissement,6.392953,2.447,6.6,4,90099,41,35,9,85.4,2,0,2,False,PARTIAL
Kpodji-Les-Monts,ABOMEY-CALAVI,Akassato,6.562164,2.361351,15.8,2,90099,11,8,3,72.7,0,0,0,False,PARTIAL
Agla-Les-Pylônes,COTONOU,13ème Arrondissement,6.383056,2.367741,5.7,3,90099,54,39,17,72.2,3,0,0,False,PARTIAL
Alladacomè,ABOMEY-CALAVI,Golo-Djigbé,6.594109,2.316385,1.5,3,90099,8,11,0,137.5,4,0,0,False,GOOD
Saint-Jean-Gbèdiga,COTONOU,11ème Arrondissement,6.36697,2.415044,10.7,9,90099,29,29,2,100.0,15,0,8,True,PARTIAL
Zogbadjè,ABOMEY-CALAVI,Abomey-Calavi,6.423262,2.338045,1.2,3,90099,36,30,6,83.3,1,0,0,False,PARTIAL
Tonato,COTONOU,8ème Arrondissement,6.377941,2.398977,32.4,4,90099,32,21,12,65.6,4,0,4,True,PARTIAL
Agla-Agongbomey,COTONOU,13ème Arrondissement,6.373974,2.363429,9.3,3,90099,42,25,18,59.5,3,0,0,False,PARTIAL
Agla-Finafa,COTONOU,13ème Arrondissement,6.371344,2.368289,8.0,4,90099,34,28,6,82.4,0,0,0,False,PARTIAL
Hindé-Nord,COTONOU,6ème Arrondissement,6.37738,2.431863,7.6,4,90099,27,23,7,85.2,0,0,0,False,PARTIAL
Cocotomey,ABOMEY-CALAVI,Godomey,6.385835,2.300386,10.8,5,90099,49,35,14,71.4,-1,0,0,False,PARTIAL
"Sèdjannako
",ABOMEY-CALAVI,Godomey,6.390683,2.352119,9.7,6,90099,58,52,12,89.7,48,0,12,True,PARTIAL
Gbèdiga-Guêdêhounguè,COTONOU,11ème Arrondissement,6.358261,2.418503,4.7,5,90099,34,22,12,64.7,-7,0,16,True,PARTIAL
Dassèkomey,ABOMEY-CALAVI,Ouèdo,6.487314,2.250046,4.6,4,90099,16,14,3,87.5,3,0,0,False,PARTIAL
Sèhogan-Sikê,COTONOU,7ème Arrondissement,6.369302,2.418035,7.5,4,90099,26,26,1,100.0,2,0,6,True,GOOD
Hadjanaho,ABOMEY-CALAVI,Kpanroun,6.673653,2.381767,10.1,3,90099,3,3,0,100.0,0,0,0,False,OSM_DATA_LIMIT
Énagnon,COTONOU,4ème Arrondissement,6.360612,2.453661,12.0,3,90099,24,19,6,79.2,0,0,0,False,PARTIAL
Drabo,ABOMEY-CALAVI,Togba,6.495077,2.299853,4.0,3,90099,20,19,2,95.0,1,0,0,False,PARTIAL
Dantôkpa,COTONOU,6ème Arrondissement,6.371018,2.432568,6.5,3,90099,34,26,10,76.5,9,0,4,True,PARTIAL
Agla-Centre,COTONOU,13ème Arrondissement,6.377357,2.367093,6.7,4,90099,41,33,9,80.5,0,0,0,False,PARTIAL
Donaten,COTONOU,1er Arrondissement,6.363426,2.464842,10.9,4,90099,30,22,8,73.3,0,0,0,False,PARTIAL
Adjagbo-Aïdjèdo,ABOMEY-CALAVI,Ouèdo,6.474376,2.28482,17.6,4,90099,26,18,8,69.2,2,0,0,False,PARTIAL
Vodjè-Kpota,COTONOU,12ème Arrondissement,6.369119,2.398568,8.1,3,90099,21,16,6,76.2,8,0,4,True,PARTIAL
Gbèdégbé,COTONOU,13ème Arrondissement,6.365766,2.385529,12.0,4,90099,34,31,4,91.2,1,0,0,False,PARTIAL
Gbétagbo,ABOMEY-CALAVI,Akassato,6.537045,2.34628,21.1,4,90099,37,19,18,51.4,-2,0,0,False,PARTIAL
Djèkpota,ABOMEY-CALAVI,Godomey,6.369766,2.283492,15.2,3,90099,37,25,13,67.6,3,0,0,False,PARTIAL
Houinmè-Daho,ABOMEY-CALAVI,Hêvié,6.408391,2.23481,10.0,4,90099,34,29,8,85.3,3,0,0,False,PARTIAL
Bocossi-Tokpa,COTONOU,5ème Arrondissement,6.367863,2.435105,5.3,3,90099,30,16,15,53.3,1,0,0,False,PARTIAL
Zopah-Akassato,ABOMEY-CALAVI,Akassato,6.491413,2.346124,20.5,3,90099,16,15,2,93.8,0,0,0,False,PARTIAL
Ahossougbéta,ABOMEY-CALAVI,Togba,6.459212,2.318435,3.5,3,90099,28,20,8,71.4,3,0,2,False,PARTIAL
Alansankomè,ABOMEY-CALAVI,Ouèdo,6.43218,2.268156,18.3,2,90099,11,11,2,100.0,2,0,0,False,PARTIAL
Ayélawadjè,COTONOU,3ème Arrondissement,6.375064,2.449509,15.7,3,90099,28,25,5,89.3,-1,0,0,False,PARTIAL
Gbèdjromèdè-Nord,COTONOU,6ème Arrondissement,6.38438,2.416276,9.6,7,90099,47,45,9,95.7,-3,1,9,True,PARTIAL
Hlouacomey,ABOMEY-CALAVI,Godomey,6.39321,2.347949,6.1,7,90099,51,46,9,90.2,45,0,4,True,PARTIAL
Ouéga-Agué,ABOMEY-CALAVI,Togba,6.484521,2.308512,3.7,4,90099,13,11,2,84.6,1,0,0,False,PARTIAL
Kpanroun,ABOMEY-CALAVI,Kpanroun,6.675582,2.364949,2.5,4,90099,4,3,1,75.0,0,0,0,False,PARTIAL
Hêvié,ABOMEY-CALAVI,Hêvié,6.44709,2.243794,1.3,5,90099,26,24,2,92.3,17,0,4,False,PARTIAL
Akassato,ABOMEY-CALAVI,Akassato,6.506143,2.364538,6.0,3,90099,35,32,9,91.4,19,0,2,True,PARTIAL
Ouèdo,ABOMEY-CALAVI,Ouèdo,6.456154,2.25994,4.0,4,90099,30,28,3,93.3,2,0,2,False,PARTIAL
Golo-Djigbé,ABOMEY-CALAVI,Golo-Djigbé,6.559616,2.299821,6.4,3,90099,14,12,2,85.7,1,0,0,False,PARTIAL
Togba_Maria-Gléta,Abomey-Calavi,Togba,6.44416,2.295115,5.9,4,90099,16,10,6,62.5,0,0,0,False,PARTIAL
Womey-Yénawa,Abomey-Calavi,Godomey,6.404264,2.286547,8.5,4,90099,38,31,8,81.6,2,0,0,False,PARTIAL
