nid,lat,lng,n_quartiers,name_a,dist_a_m,name_b,dist_b_m,others,asymmetry,road_context,primary_highway,n_road_edges,in_roundabout,has_bridge,has_dual_connector_edge,dist_to_water_m,classification
220,6.371859,2.442545,2,Gbénonkpô,0.0,Misséssin,177.1,,1.0,intersection,primary,7,False,False,False,579.0,SUSPICIOUS_OVERREACH
219,6.371918,2.444443,2,Gbénonkpô,211.7,Misséssin,240.2,,0.119,intersection,primary,3,False,False,True,788.1,PLAUSIBLE_FRONTIER
5840,6.371267,2.44294,2,Gbénonkpô,56.6,Misséssin,120.5,,0.53,road_segment,tertiary,2,False,False,False,612.0,SUSPICIOUS_OVERREACH
5929,6.372034,2.442285,2,Gbénonkpô,23.7,Misséssin,200.9,,0.882,road_segment,residential,2,False,False,False,553.6,SUSPICIOUS_OVERREACH
5884,6.371778,2.444379,2,Gbénonkpô,201.3,Misséssin,223.1,,0.098,intersection,primary,3,False,False,True,778.7,PLAUSIBLE_FRONTIER
5813,6.372579,2.442412,2,Gbénonkpô,60.2,Misséssin,237.3,,0.746,intersection,residential,4,False,False,False,577.0,SUSPICIOUS_OVERREACH
26319,6.371268,2.442639,2,Gbénonkpô,55.9,Misséssin,228.0,,0.755,intersection,residential,3,False,False,False,579.1,SUSPICIOUS_OVERREACH
383,6.362272,2.423639,3,Gbèdomidji,215.3,Mifongou,245.6,Gbéto,0.124,intersection,primary,4,False,False,False,,MULTI_QUARTIER
260,6.367081,2.429914,2,Sèdjro-Saint-Michel,0.0,Nouveau-Pont,258.9,,1.0,intersection,primary,4,False,False,False,,SUSPICIOUS_OVERREACH
259,6.366964,2.429765,2,Sèdjro-Saint-Michel,15.5,Nouveau-Pont,274.4,,0.943,road_segment,primary,2,False,False,True,,SUSPICIOUS_OVERREACH
1462,6.367269,2.430154,2,Sèdjro-Saint-Michel,28.3,Nouveau-Pont,230.6,,0.877,road_segment,primary,2,False,False,False,,SUSPICIOUS_OVERREACH
376,6.367187,2.429801,2,Sèdjro-Saint-Michel,16.7,Nouveau-Pont,275.7,,0.939,intersection,primary,4,False,False,True,,SUSPICIOUS_OVERREACH
12893,6.368682,2.396767,2,Vodjè-Kpota,197.8,Houéyihô,251.2,,0.213,road_segment,secondary,2,False,False,True,,PLAUSIBLE_FRONTIER
340,6.371438,2.409925,3,Gbégamey-Gbagoudo,0.0,Dagbédji-Sikê,203.2,Vodjè-Allobatin,1.0,intersection,primary,11,False,False,False,,MULTI_QUARTIER
339,6.371361,2.411626,2,Gbégamey-Gbagoudo,95.6,Dagbédji-Sikê,293.0,,0.674,intersection,primary,3,False,False,True,,SUSPICIOUS_OVERREACH
1444,6.37063,2.410711,2,Gbégamey-Gbagoudo,28.6,Dagbédji-Sikê,174.6,,0.836,intersection,residential,6,False,False,False,,SUSPICIOUS_OVERREACH
2096,6.369488,2.408276,3,Gbégamey-Gbagoudo,183.7,Vodjè-Allobatin,197.8,Gbégamey-Dodo-Ayidjè,0.071,intersection,residential,4,False,False,False,,MULTI_QUARTIER
2152,6.370211,2.408312,3,Gbégamey-Gbagoudo,94.3,Vodjè-Allobatin,196.7,Dagbédji-Sikê,0.52,road_segment,secondary,2,False,False,False,,MULTI_QUARTIER
2214,6.371308,2.410842,2,Gbégamey-Gbagoudo,16.3,Dagbédji-Sikê,219.5,,0.926,road_segment,primary,2,False,False,False,,SUSPICIOUS_OVERREACH
4203,6.370772,2.407807,2,Gbégamey-Gbagoudo,160.4,Vodjè-Allobatin,277.2,,0.421,road_segment,residential,2,False,False,False,,PLAUSIBLE_FRONTIER
4498,6.373166,2.410862,2,Gbégamey-Gbagoudo,133.4,Agbondjèdo,254.3,,0.475,intersection,residential,4,False,False,False,,PLAUSIBLE_FRONTIER
41751,6.370898,2.408928,2,Gbégamey-Gbagoudo,17.7,Dagbédji-Sikê,220.8,,0.92,road_segment,secondary,2,False,False,False,,SUSPICIOUS_OVERREACH
4192,6.372281,2.408773,2,Gbégamey-Gbagoudo,64.2,Dagbédji-Sikê,267.4,,0.76,intersection,residential,4,False,False,False,,SUSPICIOUS_OVERREACH
401,6.373631,2.41257,2,Minonkpô-Wologuèdè,183.1,Gbégamey-Gbagoudo,287.6,,0.363,intersection,residential,3,False,False,False,,PLAUSIBLE_FRONTIER
463,6.375688,2.4151,2,Minonkpô-Wologuèdè,178.0,Missité-Sikê,299.1,,0.405,intersection,residential,3,False,False,True,,PLAUSIBLE_FRONTIER
457,6.379449,2.420663,2,Gbèdjromèdè,52.0,Aïdjèdo-Ahito,257.9,,0.798,intersection,residential,4,False,False,False,,SUSPICIOUS_OVERREACH
460,6.378467,2.418551,2,Gbèdjromèdè,184.8,Missité-Sikê,191.8,,0.037,intersection,residential,3,False,False,True,,PLAUSIBLE_FRONTIER
53715,6.379036,2.420381,2,Gbèdjromèdè,48.1,Aïdjèdo-Ahito,259.7,,0.815,intersection,residential,3,False,False,False,,SUSPICIOUS_OVERREACH
409,6.382155,2.424365,2,Ahouansouri-Agata,38.0,Aïdjèdo,287.5,,0.868,intersection,residential,5,False,False,False,,SUSPICIOUS_OVERREACH
412,6.380239,2.424761,2,Aïdjèdo,70.7,Ahouansouri-Agata,254.7,,0.722,intersection,residential,4,False,False,False,,SUSPICIOUS_OVERREACH
4606,6.375732,2.42607,2,Jéricho-Nord,54.6,Aïdjèdo-Vignon,299.0,,0.817,intersection,residential,5,False,False,False,,SUSPICIOUS_OVERREACH
2178,6.362621,2.411519,2,Gbégamey-Centre,77.1,Gbégamey-Mifongou,288.6,,0.733,road_segment,residential,2,False,False,True,,SUSPICIOUS_OVERREACH
2154,6.365894,2.409434,2,Gbégamey-Ahito,175.8,Gbégamey-Dodo-Ayidjè,273.5,,0.357,intersection,residential,4,False,False,False,,PLAUSIBLE_FRONTIER
1215,6.363323,2.446572,3,Ohé,0.0,Akpakpa-Dodomè,237.2,Abokicodji-Centre,1.0,intersection,residential,3,False,False,False,,MULTI_QUARTIER
1180,6.363396,2.447127,3,Ohé,15.2,Akpakpa-Dodomè,252.4,Abokicodji-Centre,0.94,intersection,secondary,7,False,False,False,,MULTI_QUARTIER
1216,6.36278,2.446255,2,Ohé,21.6,Akpakpa-Dodomè,215.6,,0.9,intersection,secondary,6,False,False,False,,SUSPICIOUS_OVERREACH
5894,6.36391,2.446068,2,Ohé,79.4,Abokicodji-Centre,276.7,,0.713,intersection,residential,4,False,False,False,,SUSPICIOUS_OVERREACH
1224,6.358908,2.439397,2,Tokpa-Hoho,0.0,Guinkômey,261.6,,1.0,intersection,secondary,5,False,False,False,278.6,SUSPICIOUS_OVERREACH
705,6.35897,2.439827,2,Tokpa-Hoho,24.2,Guinkômey,285.7,,0.915,intersection,residential,4,False,False,False,235.7,SUSPICIOUS_OVERREACH
1225,6.358652,2.438978,2,Tokpa-Hoho,36.9,Guinkômey,240.0,,0.846,road_segment,trunk,2,False,False,True,332.9,SUSPICIOUS_OVERREACH
1300,6.35844,2.43895,2,Tokpa-Hoho,45.4,Guinkômey,216.2,,0.79,intersection,residential,3,False,False,True,349.1,SUSPICIOUS_OVERREACH
581,6.357503,2.437626,2,Guinkômey,108.3,Tokpa-Hoho,153.2,,0.293,intersection,residential,9,False,False,False,529.2,PLAUSIBLE_FRONTIER
1230,6.35645,2.436167,2,Guinkômey,0.0,Tokpa-Hoho,261.6,,1.0,intersection,service,3,False,False,False,728.9,SUSPICIOUS_OVERREACH
1229,6.356784,2.436618,2,Guinkômey,32.0,Tokpa-Hoho,229.6,,0.861,intersection,tertiary,4,False,False,False,666.6,SUSPICIOUS_OVERREACH
1256,6.361915,2.431593,2,Missité,17.3,Gbédokpo,297.6,,0.942,intersection,secondary,4,False,False,True,,SUSPICIOUS_OVERREACH
5046,6.36083,2.430311,3,Dota,179.8,Missité,186.0,Avlékété-Joncquet,0.034,intersection,residential,6,False,False,False,,MULTI_QUARTIER
5047,6.361876,2.431806,2,Missité,15.7,Gbédokpo,299.4,,0.948,intersection,secondary,4,False,False,True,,SUSPICIOUS_OVERREACH
44107,6.361996,2.43171,2,Missité,22.7,Gbédokpo,282.4,,0.92,intersection,secondary,4,False,False,True,,SUSPICIOUS_OVERREACH
1271,6.369265,2.418092,2,Sèhogan-Sikê,0.0,Énagnon-Sikê,240.4,,1.0,intersection,residential,4,False,False,False,,SUSPICIOUS_OVERREACH
1270,6.36945,2.417945,2,Sèhogan-Sikê,26.2,Énagnon-Sikê,214.2,,0.878,intersection,secondary,4,False,False,False,,SUSPICIOUS_OVERREACH
1272,6.368675,2.41856,2,Sèhogan-Sikê,83.5,Yévèdo,252.8,,0.669,intersection,residential,4,False,False,False,,SUSPICIOUS_OVERREACH
1274,6.36748,2.419508,2,Yévèdo,83.6,Sèhogan-Sikê,252.7,,0.669,intersection,residential,4,False,False,False,,SUSPICIOUS_OVERREACH
2240,6.36826,2.421703,2,Yévèdo,244.3,Gbènan,272.0,,0.102,intersection,residential,4,False,False,False,,PLAUSIBLE_FRONTIER
50664,6.362325,2.420587,2,Todoté,169.7,Gbèdomidji,261.2,,0.35,intersection,residential,3,False,False,False,,PLAUSIBLE_FRONTIER
2244,6.365148,2.424147,3,Gbènan,167.0,Mifongou,212.8,Gbèdomidji,0.215,intersection,residential,4,False,False,False,,MULTI_QUARTIER
1294,6.365647,2.422356,2,Gbènan,122.0,Gbèdomidji,287.5,,0.576,intersection,residential,3,False,False,False,,SUSPICIOUS_OVERREACH
2243,6.365753,2.423672,2,Gbènan,81.7,Mifongou,298.1,,0.726,intersection,residential,4,False,False,False,,SUSPICIOUS_OVERREACH
1357,6.367163,2.404412,2,Cadjèhoun-Détinsa,0.0,Vodjè-Centre,210.7,,1.0,intersection,residential,5,False,False,False,,SUSPICIOUS_OVERREACH
1358,6.367305,2.404296,2,Cadjèhoun-Détinsa,21.3,Vodjè-Centre,189.4,,0.888,intersection,secondary,6,False,False,False,,SUSPICIOUS_OVERREACH
2149,6.368115,2.405627,2,Cadjèhoun-Détinsa,154.3,Vodjè-Allobatin,180.7,,0.146,intersection,secondary,4,False,False,False,,PLAUSIBLE_FRONTIER
2183,6.366628,2.404613,2,Cadjèhoun-Détinsa,61.1,Vodjè-Centre,271.9,,0.775,intersection,residential,3,False,False,False,,SUSPICIOUS_OVERREACH
2099,6.366797,2.404866,2,Cadjèhoun-Détinsa,59.8,Vodjè-Centre,270.6,,0.779,intersection,residential,3,False,False,False,,SUSPICIOUS_OVERREACH
1364,6.368633,2.403147,2,Vodjè-Centre,0.0,Cadjèhoun-Détinsa,210.7,,1.0,road_segment,secondary,2,False,False,True,,SUSPICIOUS_OVERREACH
1363,6.368501,2.403379,2,Vodjè-Centre,24.2,Cadjèhoun-Détinsa,186.5,,0.87,intersection,residential,4,False,False,True,,SUSPICIOUS_OVERREACH
1365,6.368732,2.402981,2,Vodjè-Centre,21.4,Cadjèhoun-Détinsa,232.1,,0.908,road_segment,secondary,2,False,False,True,,SUSPICIOUS_OVERREACH
1366,6.368816,2.402841,2,Vodjè-Centre,39.4,Cadjèhoun-Détinsa,250.2,,0.842,road_segment,secondary,2,False,False,True,,SUSPICIOUS_OVERREACH
12902,6.368505,2.40293,2,Vodjè-Centre,27.9,Cadjèhoun-Détinsa,221.7,,0.874,intersection,residential,3,False,False,True,,SUSPICIOUS_OVERREACH
4196,6.368786,2.403336,2,Vodjè-Centre,26.9,Cadjèhoun-Détinsa,216.7,,0.876,intersection,residential,3,False,False,True,,SUSPICIOUS_OVERREACH
4990,6.368895,2.403158,2,Vodjè-Centre,29.1,Cadjèhoun-Détinsa,237.1,,0.877,intersection,residential,4,False,False,True,,SUSPICIOUS_OVERREACH
4207,6.378412,2.408874,2,Houéhoun,177.4,Agontinkon,189.2,,0.063,road_segment,secondary,2,False,False,True,,PLAUSIBLE_FRONTIER
42885,6.378531,2.408781,2,Houéhoun,177.3,Agontinkon,205.6,,0.138,road_segment,secondary,2,False,False,True,,PLAUSIBLE_FRONTIER
541,6.367916,2.413946,2,Saint-Jean-Gbèdiga,144.4,Dagbédji-Sikê,268.1,,0.461,intersection,residential,8,False,False,False,,PLAUSIBLE_FRONTIER
81306,6.368431,2.416673,2,Sèhogan-Sikê,204.9,Saint-Jean-Gbèdiga,230.1,,0.11,intersection,residential,3,False,False,True,,PLAUSIBLE_FRONTIER
1463,6.36854,2.431803,2,Nouveau-Pont,0.0,Sèdjro-Saint-Michel,258.9,,1.0,intersection,primary,4,False,False,False,,SUSPICIOUS_OVERREACH
1461,6.36867,2.431702,2,Nouveau-Pont,18.3,Sèdjro-Saint-Michel,275.9,,0.934,intersection,primary,4,False,False,False,,SUSPICIOUS_OVERREACH
1469,6.369876,2.446833,2,Gbèdjèwin,0.0,Sodjatinmè-Ouest,283.5,,1.0,intersection,residential,9,False,False,False,,SUSPICIOUS_OVERREACH
1471,6.368128,2.44678,2,Gbèdjèwin,97.9,Abokicodji-Centre,208.1,,0.53,intersection,residential,3,False,False,True,,SUSPICIOUS_OVERREACH
11874,6.369515,2.448573,2,Gbèdjèwin,127.6,Sodjatinmè-Ouest,155.9,,0.182,intersection,residential,4,False,False,False,,PLAUSIBLE_FRONTIER
11877,6.370601,2.447907,2,Gbèdjèwin,68.9,Sodjatinmè-Ouest,289.2,,0.762,intersection,residential,4,False,False,False,,SUSPICIOUS_OVERREACH
5878,6.370174,2.445376,2,Gbèdjèwin,90.6,Misséssin,276.1,,0.672,intersection,residential,3,False,False,False,850.0,SUSPICIOUS_OVERREACH
5845,6.368932,2.444834,2,Gbèdjèwin,193.8,Misséssin,213.0,,0.09,intersection,residential,4,False,False,False,745.9,PLAUSIBLE_FRONTIER
11875,6.368223,2.446878,2,Gbèdjèwin,96.6,Abokicodji-Centre,209.5,,0.539,intersection,residential,3,False,False,True,,SUSPICIOUS_OVERREACH
1474,6.366299,2.446826,2,Abokicodji-Centre,0.0,Ohé,288.3,,1.0,intersection,residential,7,False,False,False,,SUSPICIOUS_OVERREACH
1473,6.366441,2.446769,2,Abokicodji-Centre,20.6,Gbèdjèwin,285.4,,0.928,intersection,secondary,5,False,False,False,,SUSPICIOUS_OVERREACH
1475,6.365439,2.446768,2,Abokicodji-Centre,90.8,Ohé,197.5,,0.54,intersection,residential,3,False,False,False,,SUSPICIOUS_OVERREACH
1476,6.364686,2.446794,2,Ohé,120.2,Abokicodji-Centre,168.2,,0.285,intersection,residential,7,False,False,False,,PLAUSIBLE_FRONTIER
26342,6.366523,2.446878,2,Abokicodji-Centre,21.9,Gbèdjèwin,285.5,,0.923,intersection,secondary,4,False,False,False,,SUSPICIOUS_OVERREACH
26341,6.367034,2.447717,2,Abokicodji-Centre,123.0,Sodjatinmè-Ouest,265.2,,0.536,intersection,residential,4,False,False,False,,SUSPICIOUS_OVERREACH
6154,6.393027,2.447688,2,Agbodjèdo,69.5,Minontchou,238.4,,0.708,intersection,residential,4,False,False,False,1309.1,SUSPICIOUS_OVERREACH
4210,6.383179,2.414904,2,Gbèdjromèdè-Nord,154.1,Gbèdagba,207.8,,0.258,intersection,residential,4,False,False,False,,PLAUSIBLE_FRONTIER
42882,6.383294,2.414801,2,Gbèdjromèdè-Nord,164.4,Gbèdagba,190.7,,0.138,intersection,residential,4,False,False,False,,PLAUSIBLE_FRONTIER
2150,6.369107,2.406921,2,Vodjè-Allobatin,0.0,Gbégamey-Gbagoudo,291.0,,1.0,intersection,secondary,4,False,False,True,,SUSPICIOUS_OVERREACH
2151,6.36992,2.407939,2,Vodjè-Allobatin,144.2,Gbégamey-Gbagoudo,146.8,,0.018,intersection,residential,4,False,False,False,,PLAUSIBLE_FRONTIER
5585,6.373635,2.402743,2,Vodjè-Ayidoté,65.2,Vodjè-Finagnon,299.1,,0.782,intersection,residential,4,False,False,False,,SUSPICIOUS_OVERREACH
2220,6.370828,2.416671,2,Énagnon-Sikê,0.0,Sèhogan-Sikê,240.4,,1.0,intersection,primary,3,False,False,False,,SUSPICIOUS_OVERREACH
332,6.370886,2.416817,2,Énagnon-Sikê,21.8,Sèhogan-Sikê,218.7,,0.9,intersection,primary,7,False,False,False,,SUSPICIOUS_OVERREACH
2231,6.369614,2.412251,2,Dagbédji-Sikê,0.0,Gbégamey-Gbagoudo,203.2,,1.0,intersection,residential,3,False,False,True,,SUSPICIOUS_OVERREACH
336,6.371094,2.414147,2,Dagbédji-Sikê,259.0,Énagnon-Sikê,265.3,,0.024,intersection,primary,5,False,False,False,,PLAUSIBLE_FRONTIER
1446,6.369094,2.412556,2,Dagbédji-Sikê,66.8,Gbégamey-Gbagoudo,268.3,,0.751,intersection,residential,8,False,False,False,,SUSPICIOUS_OVERREACH
2228,6.369958,2.41176,2,Dagbédji-Sikê,65.9,Gbégamey-Gbagoudo,137.3,,0.52,intersection,residential,4,False,False,True,,SUSPICIOUS_OVERREACH
1445,6.369429,2.412003,2,Dagbédji-Sikê,34.3,Gbégamey-Gbagoudo,213.9,,0.84,intersection,residential,4,False,False,True,,SUSPICIOUS_OVERREACH
3456,6.391316,2.34653,2,Yolomahouto,71.8,Hlouacomey,238.4,,0.699,intersection,residential,5,False,False,False,,SUSPICIOUS_OVERREACH
3672,6.39036,2.34726,2,Yolomahouto,87.1,Hlouacomey,272.4,,0.68,intersection,residential,4,False,False,False,,SUSPICIOUS_OVERREACH
3606,6.393209,2.347894,2,Hlouacomey,0.0,"Nonhouénou
",278.4,,1.0,intersection,residential,5,False,False,True,,SUSPICIOUS_OVERREACH
3607,6.393323,2.348088,2,Hlouacomey,19.5,"Nonhouénou
",297.9,,0.934,road_segment,residential,2,False,False,False,,SUSPICIOUS_OVERREACH
36165,6.39321,2.347589,3,Hlouacomey,32.6,"Nonhouénou
",257.5,Yolomahouto,0.873,road_segment,trunk,2,False,False,True,,MULTI_QUARTIER
36170,6.393083,2.348117,2,Hlouacomey,20.0,"Nonhouénou
",298.4,,0.933,road_segment,trunk,2,False,False,True,,SUSPICIOUS_OVERREACH
3449,6.393257,2.347427,3,Hlouacomey,41.5,"Nonhouénou
",236.9,Yolomahouto,0.825,intersection,tertiary,5,False,False,False,,MULTI_QUARTIER
26829,6.393052,2.347704,2,Hlouacomey,27.2,"Nonhouénou
",268.9,,0.899,road_segment,unclassified,2,False,False,True,,SUSPICIOUS_OVERREACH
26830,6.392932,2.347954,2,Hlouacomey,31.4,"Nonhouénou
",299.6,,0.895,road_segment,unclassified,2,False,False,True,,SUSPICIOUS_OVERREACH
3625,6.389937,2.342415,2,"Aïmèvo
",89.9,Salamey,236.5,,0.62,intersection,residential,3,False,False,False,,SUSPICIOUS_OVERREACH
3931,6.381192,2.390011,2,Missogbé,134.4,Sètôvi,178.9,,0.248,intersection,residential,3,False,False,False,,PLAUSIBLE_FRONTIER
3918,6.381064,2.391029,2,Missogbé,21.0,Sètôvi,292.3,,0.928,intersection,residential,4,False,False,False,,SUSPICIOUS_OVERREACH
4506,6.37683,2.408011,2,Agontinkon,76.8,Agbondjèdo,261.0,,0.706,intersection,residential,4,False,False,False,,SUSPICIOUS_OVERREACH
4503,6.375437,2.409092,2,Agbondjèdo,65.3,Agontinkon,272.5,,0.76,intersection,residential,4,False,False,False,,SUSPICIOUS_OVERREACH
4676,6.377085,2.429185,2,Aïdjèdo-Vignon,98.3,Hindé-Nord,272.5,,0.639,intersection,residential,5,False,False,False,,SUSPICIOUS_OVERREACH
4633,6.372432,2.417688,2,Énagnon-Sikê,271.0,Fignon-Sikê,299.4,,0.095,intersection,residential,4,False,False,False,,PLAUSIBLE_FRONTIER
4905,6.375506,2.433302,2,Hindé-Sud,79.1,Hindé-Nord,268.9,,0.706,intersection,residential,4,False,False,False,,SUSPICIOUS_OVERREACH
4913,6.376799,2.43043,2,Hindé-Nord,151.4,Aïdjèdo-Vignon,219.4,,0.31,road_segment,residential,2,False,False,False,,PLAUSIBLE_FRONTIER
5001,6.366667,2.391335,2,Houénoussou,0.0,Missité,277.7,,1.0,intersection,residential,6,False,False,False,,SUSPICIOUS_OVERREACH
5000,6.366443,2.391243,2,Houénoussou,19.6,Missité,297.3,,0.934,road_segment,residential,2,False,False,False,,SUSPICIOUS_OVERREACH
12905,6.366123,2.390308,2,Houénoussou,119.6,Missité,158.1,,0.244,intersection,residential,3,False,False,False,,PLAUSIBLE_FRONTIER
27297,6.366807,2.391842,2,Houénoussou,58.2,Houéyihô,295.4,,0.803,road_segment,secondary,2,False,False,False,,SUSPICIOUS_OVERREACH
5045,6.360229,2.429658,2,Dota,81.9,Missité,284.2,,0.712,road_segment,secondary,2,False,False,True,,SUSPICIOUS_OVERREACH
44108,6.36046,2.429762,3,Dota,106.9,Missité,258.9,Avlékété-Joncquet,0.587,road_segment,secondary,2,False,False,True,,MULTI_QUARTIER
5105,6.358282,2.430262,2,Avlékété-Joncquet,183.8,Dota,212.5,,0.135,intersection,residential,4,False,False,False,,PLAUSIBLE_FRONTIER
5129,6.361859,2.427427,2,Dota,281.3,Gbéto,299.3,,0.06,intersection,residential,4,False,False,False,,PLAUSIBLE_FRONTIER
5166,6.36653,2.4334,2,Bocossi-Tokpa,241.1,Nouveau-Pont,284.7,,0.153,intersection,residential,4,False,False,False,,PLAUSIBLE_FRONTIER
5793,6.38238,2.451583,2,Ayélawadjè-Agongbomè,212.3,Kpondéhou-Tchèmè,214.8,,0.012,intersection,residential,4,False,False,False,,PLAUSIBLE_FRONTIER
5794,6.382384,2.450938,2,Ayélawadjè-Agongbomè,141.0,Kpondéhou-Tchèmè,286.0,,0.507,intersection,residential,5,False,False,False,,SUSPICIOUS_OVERREACH
5825,6.374956,2.44457,2,Adjégounlè,0.0,Midombo,255.7,,1.0,intersection,residential,3,False,False,False,850.4,SUSPICIOUS_OVERREACH
5826,6.374944,2.444386,2,Adjégounlè,20.3,Midombo,276.0,,0.926,intersection,residential,3,False,False,False,830.0,SUSPICIOUS_OVERREACH
5926,6.375828,2.444578,2,Adjégounlè,97.0,Midombo,158.7,,0.389,intersection,residential,4,False,False,False,862.1,PLAUSIBLE_FRONTIER
31572,6.365193,2.442255,2,Abokicodji-Lagune,79.0,Dédokpo,260.3,,0.697,intersection,residential,3,False,False,False,319.7,SUSPICIOUS_OVERREACH
5842,6.370426,2.443627,2,Misséssin,0.0,Gbénonkpô,177.1,,1.0,intersection,residential,4,False,False,False,670.0,SUSPICIOUS_OVERREACH
5841,6.370878,2.443264,2,Misséssin,64.3,Gbénonkpô,112.8,,0.43,intersection,residential,4,False,False,False,640.8,PLAUSIBLE_FRONTIER
5843,6.369937,2.444023,3,Misséssin,69.8,Gbénonkpô,246.9,Gbèdjèwin,0.717,intersection,residential,4,False,False,False,698.2,MULTI_QUARTIER
5885,6.369903,2.44281,3,Misséssin,114.1,Gbénonkpô,188.9,Dédokpo,0.396,intersection,residential,4,False,False,False,567.2,MULTI_QUARTIER
5861,6.361028,2.444783,2,Akpakpa-Dodomè,0.0,Ohé,237.2,,1.0,road_segment,trunk,2,False,False,True,345.3,SUSPICIOUS_OVERREACH
77545,6.361259,2.444765,2,Akpakpa-Dodomè,25.7,Ohé,216.1,,0.881,intersection,secondary,3,False,False,True,358.5,SUSPICIOUS_OVERREACH
5844,6.369423,2.444437,3,Misséssin,143.0,Gbèdjèwin,223.8,Dédokpo,0.361,intersection,residential,4,False,False,False,723.8,MULTI_QUARTIER
26282,6.368232,2.442528,2,Dédokpo,46.5,Misséssin,291.7,,0.841,intersection,residential,3,False,False,False,478.9,SUSPICIOUS_OVERREACH
26289,6.367299,2.442323,2,Dédokpo,50.7,Abokicodji-Lagune,288.6,,0.824,intersection,residential,3,False,False,False,419.6,SUSPICIOUS_OVERREACH
5959,6.377252,2.444593,2,Midombo,0.0,Adjégounlè,255.7,,1.0,intersection,residential,4,False,False,False,881.1,SUSPICIOUS_OVERREACH
5927,6.377099,2.444561,2,Midombo,17.4,Adjégounlè,238.3,,0.927,intersection,residential,4,False,False,False,876.0,SUSPICIOUS_OVERREACH
5991,6.392926,2.45013,2,Minontchou,16.7,Agbodjèdo,291.1,,0.943,intersection,residential,3,False,False,False,1577.6,SUSPICIOUS_OVERREACH
6074,6.385986,2.440479,2,Adôgléta,22.8,Hlacômey,294.9,,0.923,intersection,residential,3,False,False,False,479.9,SUSPICIOUS_OVERREACH
9655,6.404298,2.341359,2,Sèdomey,34.3,Godomey-Togoudo,297.0,,0.885,road_segment,tertiary,2,False,False,False,,SUSPICIOUS_OVERREACH
9660,6.401837,2.341379,2,Godomey-Togoudo,43.0,Sèdomey,288.3,,0.851,intersection,residential,5,False,False,False,,SUSPICIOUS_OVERREACH
56418,6.402056,2.340324,2,Godomey-Togoudo,105.0,"Djoukpa-Togoudo
",291.3,,0.64,intersection,residential,3,False,False,False,,SUSPICIOUS_OVERREACH
10643,6.366145,2.388742,2,Missité,0.0,Houénoussou,277.7,,1.0,intersection,residential,4,False,False,False,,SUSPICIOUS_OVERREACH
10644,6.366292,2.388817,2,Missité,18.3,Houénoussou,296.0,,0.938,intersection,residential,3,False,False,False,,SUSPICIOUS_OVERREACH
10658,6.366134,2.389448,2,Missité,78.1,Houénoussou,199.6,,0.609,intersection,residential,3,False,False,False,,SUSPICIOUS_OVERREACH
5006,6.36605,2.387407,2,Missité,147.9,Gbèdégbé,200.1,,0.261,intersection,residential,3,False,False,False,,PLAUSIBLE_FRONTIER
10801,6.365884,2.386368,2,Gbèdégbé,89.5,Missité,258.5,,0.654,intersection,residential,4,False,False,False,,SUSPICIOUS_OVERREACH
11881,6.368576,2.449549,2,Sodjatinmè-Ouest,0.0,Gbèdjèwin,283.5,,1.0,intersection,tertiary,4,False,False,False,,SUSPICIOUS_OVERREACH
11880,6.369116,2.449111,2,Sodjatinmè-Ouest,77.1,Gbèdjèwin,206.3,,0.626,intersection,residential,4,False,False,False,,SUSPICIOUS_OVERREACH
26344,6.370192,2.451584,2,Fifatin,208.7,Sodjatinmè-Ouest,287.9,,0.275,intersection,residential,3,False,False,False,,PLAUSIBLE_FRONTIER
11941,6.394575,2.345131,2,"Nonhouénou
",0.0,Hlouacomey,278.4,,1.0,intersection,residential,8,False,False,False,,SUSPICIOUS_OVERREACH
26825,6.393905,2.345835,2,"Nonhouénou
",107.5,Hlouacomey,180.4,,0.404,intersection,residential,3,False,False,True,,PLAUSIBLE_FRONTIER
26826,6.393731,2.346252,3,"Nonhouénou
",130.8,Hlouacomey,147.6,Yolomahouto,0.114,intersection,residential,7,False,False,False,,MULTI_QUARTIER
36172,6.394383,2.345489,2,"Nonhouénou
",44.6,Hlouacomey,233.7,,0.809,road_segment,trunk,2,False,False,False,,SUSPICIOUS_OVERREACH
3660,6.394077,2.346011,2,"Nonhouénou
",110.2,Hlouacomey,179.6,,0.387,intersection,residential,3,False,False,True,,PLAUSIBLE_FRONTIER
12850,6.391254,2.352404,2,"Sèdjannako
",53.9,"Finafa
",258.0,,0.791,intersection,residential,3,False,False,False,,SUSPICIOUS_OVERREACH
26832,6.391835,2.350137,2,"Sèdjannako
",245.8,Hlouacomey,274.2,,0.104,intersection,residential,7,False,False,False,,PLAUSIBLE_FRONTIER
12851,6.393152,2.353564,2,"Finafa
",20.8,"Sèdjannako
",291.1,,0.929,intersection,residential,3,False,False,False,,SUSPICIOUS_OVERREACH
45118,6.363499,2.430515,2,Gbédokpo,69.4,Missité,235.7,,0.706,intersection,residential,3,False,False,True,,SUSPICIOUS_OVERREACH
45142,6.365086,2.431502,2,Gbédokpo,190.2,Sèdjro-Saint-Michel,283.1,,0.328,intersection,primary,4,False,False,False,,PLAUSIBLE_FRONTIER
4568,6.378394,2.423363,2,Aïdjèdo-Ahito,200.7,Aïdjèdo,215.1,,0.067,intersection,residential,4,False,False,False,,PLAUSIBLE_FRONTIER
4629,6.375654,2.419865,2,Fignon-Sikê,171.9,Aïdjèdo-Ahito,276.6,,0.379,intersection,residential,4,False,False,False,,PLAUSIBLE_FRONTIER
46767,6.377687,2.421529,2,Aïdjèdo-Ahito,63.2,Gbèdjromèdè,244.7,,0.742,intersection,residential,5,False,False,False,,SUSPICIOUS_OVERREACH
4601,6.379178,2.430408,3,Djidjè,203.3,Hindé-Nord,236.8,Aïdjèdo-Vignon,0.141,intersection,residential,6,False,False,False,,MULTI_QUARTIER
83842,6.38868,2.443475,2,Sègbèya-Nord,137.4,Hlacômey,289.7,,0.526,intersection,residential,4,False,False,False,814.9,SUSPICIOUS_OVERREACH
5881,6.372676,2.431231,2,Dantôkpa,213.1,Jéricho-Sud,248.5,,0.143,intersection,residential,3,False,False,False,,PLAUSIBLE_FRONTIER
1179,6.362974,2.446891,3,Ohé,36.6,Akpakpa-Dodomè,249.1,Abokicodji-Centre,0.853,intersection,tertiary,3,False,False,False,,MULTI_QUARTIER
1181,6.363563,2.447855,3,Ohé,39.1,Akpakpa-Dodomè,276.3,Abokicodji-Centre,0.858,road_segment,trunk,2,False,False,False,,MULTI_QUARTIER
26329,6.364378,2.448505,2,Ohé,168.7,Abokicodji-Centre,283.1,,0.404,intersection,residential,3,False,False,False,,PLAUSIBLE_FRONTIER
26330,6.363885,2.446848,3,Ohé,41.4,Abokicodji-Centre,259.1,Akpakpa-Dodomè,0.84,intersection,residential,3,False,False,False,,MULTI_QUARTIER
2175,6.361717,2.410464,2,Gbégamey-Mifongou,145.3,Gbégamey-Centre,220.4,,0.34,road_segment,residential,2,False,False,False,,PLAUSIBLE_FRONTIER
258,6.365977,2.428524,2,Sèdjro-Saint-Michel,191.1,Gbédokpo,283.2,,0.325,intersection,primary,4,False,False,False,,PLAUSIBLE_FRONTIER
6013,6.387875,2.440775,2,Hlacômey,90.5,Adôgléta,227.2,,0.602,intersection,residential,3,False,False,False,513.2,SUSPICIOUS_OVERREACH
2215,6.371257,2.411479,2,Gbégamey-Gbagoudo,87.0,Dagbédji-Sikê,273.1,,0.681,intersection,primary,3,False,False,True,,SUSPICIOUS_OVERREACH
48026,6.393092,2.449688,2,Minontchou,42.4,Agbodjèdo,265.5,,0.84,intersection,residential,3,False,False,False,1530.5,SUSPICIOUS_OVERREACH
1255,6.362401,2.431202,2,Missité,86.6,Gbédokpo,228.4,,0.621,intersection,residential,3,False,False,True,,SUSPICIOUS_OVERREACH
5928,6.376445,2.444583,2,Midombo,90.1,Adjégounlè,165.6,,0.456,intersection,residential,4,False,False,False,870.4,PLAUSIBLE_FRONTIER
4188,6.370049,2.407838,2,Vodjè-Allobatin,162.4,Gbégamey-Gbagoudo,164.9,,0.016,intersection,residential,3,False,False,False,,PLAUSIBLE_FRONTIER
1460,6.369525,2.432822,2,Nouveau-Pont,174.3,Dantôkpa,294.2,,0.408,intersection,primary,3,False,False,False,,PLAUSIBLE_FRONTIER
10712,6.367471,2.390386,2,Houénoussou,190.1,Missité,235.7,,0.194,road_segment,residential,2,False,False,False,,PLAUSIBLE_FRONTIER
405,6.378343,2.418694,2,Gbèdjromèdè,182.6,Missité-Sikê,212.8,,0.142,road_segment,secondary,2,False,False,True,,PLAUSIBLE_FRONTIER
4661,6.376195,2.430508,2,Hindé-Nord,215.8,Aïdjèdo-Vignon,238.8,,0.096,intersection,residential,4,False,False,False,,PLAUSIBLE_FRONTIER
76808,6.378105,2.433434,2,Hindé-Nord,186.5,Djidjè,276.0,,0.324,intersection,residential,3,False,False,False,,PLAUSIBLE_FRONTIER
4899,6.3767,2.432361,2,Hindé-Nord,100.3,Hindé-Sud,247.7,,0.595,intersection,residential,4,False,False,False,,SUSPICIOUS_OVERREACH
1472,6.36739,2.446823,2,Abokicodji-Centre,121.6,Gbèdjèwin,184.5,,0.341,intersection,residential,6,False,False,False,,PLAUSIBLE_FRONTIER
5848,6.366945,2.446437,2,Abokicodji-Centre,87.6,Gbèdjèwin,243.1,,0.64,intersection,residential,4,False,False,False,,SUSPICIOUS_OVERREACH
3486,6.392723,2.353294,2,"Finafa
",73.1,"Sèdjannako
",238.7,,0.694,intersection,residential,4,False,False,False,,SUSPICIOUS_OVERREACH
3908,6.381079,2.390747,2,Missogbé,52.2,Sètôvi,261.1,,0.8,intersection,residential,3,False,False,False,,SUSPICIOUS_OVERREACH
29279,6.391655,2.342445,2,Salamey,45.4,"Aïmèvo
",281.0,,0.839,intersection,residential,3,False,False,False,,SUSPICIOUS_OVERREACH
1359,6.367599,2.404236,2,Cadjèhoun-Détinsa,51.0,Vodjè-Centre,162.6,,0.686,road_segment,secondary,2,False,False,False,,SUSPICIOUS_OVERREACH
2267,6.367694,2.403799,2,Cadjèhoun-Détinsa,89.7,Vodjè-Centre,142.2,,0.369,intersection,residential,3,False,False,True,,PLAUSIBLE_FRONTIER
12933,6.36824,2.405527,2,Cadjèhoun-Détinsa,172.1,Vodjè-Allobatin,187.9,,0.084,intersection,secondary,3,False,False,False,,PLAUSIBLE_FRONTIER
12901,6.368614,2.402779,2,Vodjè-Centre,47.2,Cadjèhoun-Détinsa,242.4,,0.805,road_segment,secondary,2,False,False,True,,SUSPICIOUS_OVERREACH
4604,6.376906,2.427371,2,Aïdjèdo-Vignon,105.2,Jéricho-Nord,248.4,,0.577,road_segment,residential,2,False,False,False,,SUSPICIOUS_OVERREACH
1178,6.362689,2.446639,2,Ohé,36.7,Akpakpa-Dodomè,230.7,,0.841,intersection,service,6,False,False,False,,SUSPICIOUS_OVERREACH
5849,6.362242,2.445887,2,Ohé,50.8,Akpakpa-Dodomè,190.9,,0.734,intersection,secondary,3,False,False,False,,SUSPICIOUS_OVERREACH
1278,6.365117,2.421367,3,Gbèdomidji,188.6,Yévèdo,250.0,Gbènan,0.246,intersection,residential,4,False,False,False,,MULTI_QUARTIER
331,6.370852,2.417656,2,Énagnon-Sikê,114.1,Sèhogan-Sikê,237.9,,0.52,intersection,primary,3,False,False,True,,SUSPICIOUS_OVERREACH
1267,6.37044,2.41716,2,Énagnon-Sikê,74.1,Sèhogan-Sikê,166.4,,0.555,intersection,residential,4,False,False,False,,SUSPICIOUS_OVERREACH
1284,6.37141,2.416396,2,Énagnon-Sikê,88.6,Sèhogan-Sikê,285.5,,0.69,intersection,residential,4,False,False,False,,SUSPICIOUS_OVERREACH
2221,6.370747,2.417549,2,Énagnon-Sikê,97.4,Sèhogan-Sikê,221.2,,0.56,intersection,primary,3,False,False,True,,SUSPICIOUS_OVERREACH
45117,6.362489,2.431316,2,Missité,92.6,Gbédokpo,212.4,,0.564,intersection,residential,3,False,False,True,,SUSPICIOUS_OVERREACH
6031,6.386129,2.440519,2,Adôgléta,39.3,Hlacômey,278.4,,0.859,intersection,residential,3,False,False,False,483.6,SUSPICIOUS_OVERREACH
1383,6.368784,2.39638,2,Houéyihô,208.2,Vodjè-Kpota,248.2,,0.161,intersection,residential,3,False,False,False,,PLAUSIBLE_FRONTIER
5930,6.372035,2.44153,2,Gbénonkpô,107.2,Misséssin,284.3,,0.623,road_segment,residential,2,False,False,False,470.8,SUSPICIOUS_OVERREACH
1362,6.368434,2.403535,2,Vodjè-Centre,41.2,Cadjèhoun-Détinsa,172.4,,0.761,road_segment,secondary,2,False,False,True,,SUSPICIOUS_OVERREACH
5846,6.368436,2.445234,2,Gbèdjèwin,181.1,Misséssin,283.8,,0.362,intersection,tertiary,4,False,False,False,766.3,PLAUSIBLE_FRONTIER
83871,6.361448,2.444606,2,Akpakpa-Dodomè,53.1,Ohé,243.5,,0.782,intersection,secondary,3,False,False,False,356.2,SUSPICIOUS_OVERREACH
1269,6.369689,2.417755,2,Sèhogan-Sikê,60.0,Énagnon-Sikê,180.4,,0.667,road_segment,secondary,2,False,False,False,,SUSPICIOUS_OVERREACH
1361,6.36833,2.403699,2,Vodjè-Centre,61.8,Cadjèhoun-Détinsa,151.8,,0.592,intersection,residential,4,False,False,True,,SUSPICIOUS_OVERREACH
12903,6.368107,2.403416,2,Vodjè-Centre,79.8,Cadjèhoun-Détinsa,152.1,,0.476,intersection,residential,3,False,False,True,,PLAUSIBLE_FRONTIER
2087,6.370201,2.411063,2,Gbégamey-Gbagoudo,90.2,Dagbédji-Sikê,161.6,,0.442,intersection,residential,3,False,False,True,,PLAUSIBLE_FRONTIER
2230,6.370427,2.411205,2,Gbégamey-Gbagoudo,71.2,Dagbédji-Sikê,131.9,,0.46,intersection,residential,3,False,False,True,,PLAUSIBLE_FRONTIER
4199,6.369235,2.40298,2,Vodjè-Centre,72.1,Cadjèhoun-Détinsa,280.2,,0.743,intersection,residential,3,False,False,False,,SUSPICIOUS_OVERREACH
5988,6.392636,2.451187,2,Minontchou,100.2,Gankpodo,276.5,,0.638,intersection,residential,4,False,False,False,1692.3,SUSPICIOUS_OVERREACH
42911,6.368256,2.416842,2,Sèhogan-Sikê,177.9,Saint-Jean-Gbèdiga,257.0,,0.308,road_segment,residential,2,False,False,True,,PLAUSIBLE_FRONTIER
3549,6.392711,2.348321,2,Hlouacomey,73.7,Yolomahouto,295.3,,0.751,intersection,residential,3,False,False,True,,SUSPICIOUS_OVERREACH
1507,6.357245,2.43626,2,Guinkômey,78.8,Tokpa-Hoho,276.4,,0.715,intersection,residential,4,False,False,False,669.5,SUSPICIOUS_OVERREACH
26667,6.356586,2.436777,2,Guinkômey,49.5,Tokpa-Hoho,247.1,,0.8,road_segment,tertiary,2,False,False,False,664.8,SUSPICIOUS_OVERREACH
617,6.355616,2.399301,2,Haie-Vive-Cocotiers,161.3,Cadjèhoun-Azalokogon,251.9,,0.36,intersection,residential,4,False,False,False,,PLAUSIBLE_FRONTIER
2104,6.369813,2.411525,2,Dagbédji-Sikê,96.4,Gbégamey-Gbagoudo,157.0,,0.386,intersection,residential,3,False,False,True,,PLAUSIBLE_FRONTIER
9656,6.403936,2.341326,2,Sèdomey,70.3,Godomey-Togoudo,261.0,,0.73,road_segment,tertiary,2,False,False,False,,SUSPICIOUS_OVERREACH
27318,6.367145,2.391666,2,Houénoussou,56.2,Houéyihô,297.2,,0.811,road_segment,secondary,2,False,False,False,,SUSPICIOUS_OVERREACH
1513,6.362766,2.446959,2,Ohé,57.5,Akpakpa-Dodomè,251.5,,0.771,intersection,tertiary,4,False,False,False,,SUSPICIOUS_OVERREACH
1514,6.362614,2.446851,2,Ohé,55.7,Akpakpa-Dodomè,249.6,,0.777,road_segment,tertiary,2,False,False,False,,SUSPICIOUS_OVERREACH
1515,6.361602,2.445721,2,Ohé,178.3,Akpakpa-Dodomè,268.4,,0.336,road_segment,tertiary,2,False,False,False,,PLAUSIBLE_FRONTIER
88627,6.362311,2.44677,2,Ohé,56.4,Akpakpa-Dodomè,250.4,,0.775,road_segment,service,2,False,False,False,,SUSPICIOUS_OVERREACH
1226,6.358339,2.438597,2,Tokpa-Hoho,91.5,Guinkômey,189.7,,0.518,road_segment,trunk,2,False,False,True,387.5,SUSPICIOUS_OVERREACH
410,6.381581,2.424519,2,Ahouansouri-Agata,103.2,Aïdjèdo,222.3,,0.536,intersection,residential,4,False,False,False,,SUSPICIOUS_OVERREACH
6199,6.384934,2.453551,2,Kpondéhou,102.6,Kpondéhou-Tchèmè,279.4,,0.633,intersection,residential,4,False,False,False,,SUSPICIOUS_OVERREACH
4690,6.37016,2.43049,3,Jéricho-Sud,182.0,Nouveau-Pont,219.2,Dantôkpa,0.17,intersection,residential,4,False,False,False,,MULTI_QUARTIER
27300,6.367913,2.393593,2,Houéyihô,65.5,Houénoussou,288.0,,0.772,road_segment,secondary,2,False,False,True,,SUSPICIOUS_OVERREACH
6093,6.386592,2.440635,2,Adôgléta,88.2,Hlacômey,229.5,,0.616,intersection,residential,5,False,False,False,494.5,SUSPICIOUS_OVERREACH
1367,6.368906,2.402659,2,Vodjè-Centre,61.9,Cadjèhoun-Détinsa,272.6,,0.773,road_segment,secondary,2,False,False,True,,SUSPICIOUS_OVERREACH
1368,6.368969,2.402521,2,Vodjè-Centre,78.6,Cadjèhoun-Détinsa,289.4,,0.728,road_segment,secondary,2,False,False,True,,SUSPICIOUS_OVERREACH
12900,6.368734,2.402589,2,Vodjè-Centre,68.8,Cadjèhoun-Détinsa,267.3,,0.743,road_segment,secondary,2,False,False,True,,SUSPICIOUS_OVERREACH
1506,6.357152,2.4361,2,Guinkômey,85.2,Tokpa-Hoho,296.8,,0.713,road_segment,tertiary,2,False,False,False,690.0,SUSPICIOUS_OVERREACH
26328,6.364859,2.448125,2,Abokicodji-Centre,215.1,Ohé,219.3,,0.019,intersection,residential,4,False,False,False,,PLAUSIBLE_FRONTIER
3450,6.392936,2.34729,3,Hlouacomey,67.7,Yolomahouto,242.4,"Nonhouénou
",0.721,road_segment,tertiary,2,False,False,False,,MULTI_QUARTIER
26828,6.393368,2.347041,3,Hlouacomey,85.3,"Nonhouénou
",193.1,Yolomahouto,0.558,intersection,residential,4,False,False,False,,MULTI_QUARTIER
26218,6.39313,2.449039,2,Minontchou,98.4,Agbodjèdo,209.5,,0.53,intersection,residential,4,False,False,False,1459.4,SUSPICIOUS_OVERREACH
9659,6.402488,2.341245,2,Godomey-Togoudo,116.0,Sèdomey,215.3,,0.461,intersection,tertiary,3,False,False,True,,PLAUSIBLE_FRONTIER
29176,6.402628,2.341404,2,Godomey-Togoudo,130.7,Sèdomey,207.5,,0.37,intersection,residential,3,False,False,True,,PLAUSIBLE_FRONTIER
92858,6.40286,2.341307,2,Godomey-Togoudo,151.8,Sèdomey,179.5,,0.155,intersection,trunk,3,False,False,True,,PLAUSIBLE_FRONTIER
1228,6.358082,2.437248,2,Guinkômey,168.3,Tokpa-Hoho,213.2,,0.21,intersection,residential,3,False,False,True,526.3,PLAUSIBLE_FRONTIER
29280,6.391202,2.342422,2,Salamey,95.9,"Aïmèvo
",230.5,,0.584,intersection,residential,3,False,False,False,,SUSPICIOUS_OVERREACH
32180,6.391699,2.342664,2,Salamey,64.3,"Aïmèvo
",299.9,,0.786,road_segment,residential,2,False,False,False,,SUSPICIOUS_OVERREACH
1299,6.35819,2.438576,2,Tokpa-Hoho,96.0,Guinkômey,173.0,,0.445,road_segment,trunk,2,False,False,True,399.0,PLAUSIBLE_FRONTIER
43915,6.358206,2.438748,2,Tokpa-Hoho,77.0,Guinkômey,184.6,,0.583,road_segment,residential,2,False,False,True,382.4,SUSPICIOUS_OVERREACH
5875,6.368807,2.442633,2,Dédokpo,111.5,Misséssin,226.7,,0.508,intersection,residential,4,False,False,False,512.2,SUSPICIOUS_OVERREACH
27316,6.367697,2.392581,2,Houénoussou,174.5,Houéyihô,178.8,,0.024,intersection,residential,3,False,False,True,,PLAUSIBLE_FRONTIER
53716,6.378577,2.420742,2,Gbèdjromèdè,112.9,Aïdjèdo-Ahito,194.9,,0.421,intersection,residential,3,False,False,True,,PLAUSIBLE_FRONTIER
3604,6.394672,2.345923,2,"Nonhouénou
",108.5,Hlouacomey,277.5,,0.609,intersection,residential,3,False,False,False,,SUSPICIOUS_OVERREACH
26668,6.356377,2.436948,2,Guinkômey,79.5,Tokpa-Hoho,277.0,,0.713,intersection,service,3,False,False,False,662.8,SUSPICIOUS_OVERREACH
11924,6.366741,2.44221,2,Dédokpo,107.4,Abokicodji-Lagune,231.9,,0.537,intersection,residential,4,False,False,False,383.5,SUSPICIOUS_OVERREACH
5833,6.362519,2.445655,2,Ohé,90.9,Akpakpa-Dodomè,231.0,,0.607,intersection,service,4,False,False,False,,SUSPICIOUS_OVERREACH
1360,6.367855,2.40405,2,Cadjèhoun-Détinsa,86.1,Vodjè-Centre,127.5,,0.324,intersection,residential,3,False,False,True,,PLAUSIBLE_FRONTIER
4623,6.378654,2.420856,2,Gbèdjromèdè,116.5,Aïdjèdo-Ahito,193.4,,0.398,intersection,residential,3,False,False,True,,PLAUSIBLE_FRONTIER
82938,6.381112,2.390562,2,Missogbé,72.9,Sètôvi,240.4,,0.697,intersection,residential,3,False,False,False,,SUSPICIOUS_OVERREACH
1465,6.369486,2.43339,2,Nouveau-Pont,206.0,Dantôkpa,246.7,,0.165,bridge,footway,4,False,True,False,,ROAD_GRAPH_ARTIFACT
83870,6.361341,2.444379,2,Akpakpa-Dodomè,80.8,Ohé,271.2,,0.702,road_segment,service,2,False,False,False,328.8,SUSPICIOUS_OVERREACH
5832,6.361589,2.444489,2,Akpakpa-Dodomè,73.4,Ohé,256.2,,0.713,intersection,secondary,3,False,False,False,354.6,SUSPICIOUS_OVERREACH
5742,6.358597,2.396809,2,Cadjèhoun-Agonga,112.2,Cadjèhoun-Azalokogon,294.6,,0.619,intersection,residential,3,False,False,False,,SUSPICIOUS_OVERREACH
3587,6.392214,2.352969,2,"Finafa
",135.3,"Sèdjannako
",176.6,,0.234,intersection,residential,4,False,False,False,,PLAUSIBLE_FRONTIER
4605,6.376237,2.426531,2,Jéricho-Nord,129.4,Aïdjèdo-Vignon,224.2,,0.423,road_segment,residential,2,False,False,False,,PLAUSIBLE_FRONTIER
4557,6.382649,2.415358,2,Gbèdjromèdè-Nord,231.5,Gbèdagba,283.2,,0.183,intersection,residential,4,False,False,False,,PLAUSIBLE_FRONTIER
26297,6.370811,2.442697,2,Gbénonkpô,107.1,Misséssin,176.8,,0.394,intersection,residential,3,False,False,False,577.5,PLAUSIBLE_FRONTIER
10790,6.367392,2.392055,2,Houénoussou,107.2,Houéyihô,246.2,,0.565,intersection,residential,3,False,False,False,,SUSPICIOUS_OVERREACH
88628,6.36169,2.446707,2,Ohé,73.1,Akpakpa-Dodomè,267.0,,0.726,endpoint,service,1,False,False,False,,SUSPICIOUS_OVERREACH
4500,6.374035,2.410161,2,Agbondjèdo,130.6,Gbégamey-Gbagoudo,257.1,,0.492,intersection,residential,5,False,False,False,,PLAUSIBLE_FRONTIER
10774,6.365052,2.386976,2,Gbèdégbé,264.8,Missité,295.0,,0.102,intersection,residential,3,False,False,False,,PLAUSIBLE_FRONTIER
11928,6.362832,2.447199,2,Ohé,83.5,Akpakpa-Dodomè,277.4,,0.699,road_segment,unclassified,2,False,False,False,,SUSPICIOUS_OVERREACH
5014,6.367351,2.392685,2,Houénoussou,168.7,Houéyihô,184.8,,0.087,intersection,residential,3,False,False,False,,PLAUSIBLE_FRONTIER
2098,6.367682,2.405973,2,Cadjèhoun-Détinsa,212.9,Vodjè-Allobatin,242.1,,0.12,intersection,residential,4,False,False,False,,PLAUSIBLE_FRONTIER
1268,6.369977,2.417527,2,Sèhogan-Sikê,100.8,Énagnon-Sikê,139.7,,0.278,intersection,residential,4,False,False,False,,PLAUSIBLE_FRONTIER
5814,6.372569,2.444431,2,Gbénonkpô,283.3,Adjégounlè,284.4,,0.004,intersection,residential,4,False,False,False,798.1,PLAUSIBLE_FRONTIER
5823,6.373072,2.442342,2,Gbénonkpô,115.5,Misséssin,292.6,,0.605,intersection,residential,4,False,False,False,577.8,SUSPICIOUS_OVERREACH
10773,6.36553,2.387018,2,Gbèdégbé,211.4,Missité,241.6,,0.125,intersection,residential,3,False,False,False,,PLAUSIBLE_FRONTIER
83685,6.365631,2.389298,2,Missité,123.9,Houénoussou,246.4,,0.497,road_segment,residential,2,False,False,False,,PLAUSIBLE_FRONTIER
5013,6.366931,2.392859,2,Houénoussou,210.4,Houéyihô,226.5,,0.071,intersection,residential,3,False,False,False,,PLAUSIBLE_FRONTIER
5010,6.368818,2.402421,2,Vodjè-Centre,89.5,Cadjèhoun-Détinsa,288.0,,0.689,intersection,residential,3,False,False,True,,SUSPICIOUS_OVERREACH
4522,6.378979,2.418156,2,Gbèdjromèdè,256.5,Missité-Sikê,263.6,,0.027,intersection,residential,4,False,False,False,,PLAUSIBLE_FRONTIER
5985,6.392258,2.452574,2,Gankpodo,119.0,Minontchou,257.6,,0.538,intersection,residential,4,False,False,False,1843.3,SUSPICIOUS_OVERREACH
46768,6.377859,2.421749,2,Aïdjèdo-Ahito,86.7,Gbèdjromèdè,268.2,,0.677,road_segment,residential,2,False,False,False,,SUSPICIOUS_OVERREACH
4630,6.376404,2.419893,2,Fignon-Sikê,255.3,Aïdjèdo-Ahito,286.0,,0.107,intersection,residential,4,False,False,False,,PLAUSIBLE_FRONTIER
4806,6.378192,2.421218,2,Aïdjèdo-Ahito,128.3,Gbèdjromèdè,181.6,,0.293,intersection,residential,4,False,False,False,,PLAUSIBLE_FRONTIER
4592,6.378108,2.421112,2,Aïdjèdo-Ahito,128.7,Gbèdjromèdè,179.2,,0.282,intersection,residential,4,False,False,False,,PLAUSIBLE_FRONTIER
44110,6.357837,2.430617,2,Avlékété-Joncquet,247.0,Dota,275.6,,0.104,intersection,tertiary,4,False,False,False,,PLAUSIBLE_FRONTIER
2112,6.367979,2.411129,2,Gbégamey-Dodo-Ayidjè,209.8,Dagbédji-Sikê,252.6,,0.169,intersection,residential,3,False,False,False,,PLAUSIBLE_FRONTIER
2114,6.36637,2.409061,2,Gbégamey-Dodo-Ayidjè,206.6,Gbégamey-Ahito,242.9,,0.149,intersection,residential,4,False,False,False,,PLAUSIBLE_FRONTIER
4499,6.373637,2.410488,2,Agbondjèdo,187.5,Gbégamey-Gbagoudo,200.2,,0.063,intersection,residential,4,False,False,False,,PLAUSIBLE_FRONTIER
4198,6.372674,2.408313,2,Gbégamey-Gbagoudo,131.7,Agbondjèdo,271.4,,0.515,intersection,residential,4,False,False,False,,SUSPICIOUS_OVERREACH
5883,6.370463,2.442749,3,Misséssin,137.6,Gbénonkpô,146.2,Dédokpo,0.059,intersection,residential,3,False,False,False,577.0,MULTI_QUARTIER
91193,6.370069,2.43142,2,Dantôkpa,169.4,Nouveau-Pont,226.6,,0.252,road_segment,service,2,False,False,False,,PLAUSIBLE_FRONTIER
1260,6.360347,2.432943,2,Avlékété-Joncquet,183.6,Missité,211.8,,0.133,intersection,residential,5,False,False,False,,PLAUSIBLE_FRONTIER
4504,6.375908,2.408754,2,Agbondjèdo,129.7,Agontinkon,208.1,,0.377,intersection,residential,4,False,False,False,,PLAUSIBLE_FRONTIER
42898,6.383767,2.414449,2,Gbèdjromèdè-Nord,229.9,Gbèdagba,256.1,,0.102,intersection,residential,4,False,False,False,,PLAUSIBLE_FRONTIER
27299,6.367823,2.393383,2,Houéyihô,90.8,Houénoussou,262.8,,0.654,road_segment,secondary,2,False,False,False,,SUSPICIOUS_OVERREACH
2217,6.371104,2.413204,2,Dagbédji-Sikê,265.3,Gbégamey-Gbagoudo,278.4,,0.047,intersection,primary,3,False,False,True,,PLAUSIBLE_FRONTIER
5087,6.360249,2.43079,3,Avlékété-Joncquet,137.1,Missité,256.4,Dota,0.465,intersection,residential,4,False,False,False,,MULTI_QUARTIER
5103,6.35874,2.429898,2,Dota,147.5,Avlékété-Joncquet,248.7,,0.407,intersection,residential,4,False,False,False,,PLAUSIBLE_FRONTIER
1259,6.360784,2.432505,2,Missité,143.8,Avlékété-Joncquet,250.7,,0.426,intersection,residential,3,False,False,True,,PLAUSIBLE_FRONTIER
4596,6.368798,2.413117,2,Dagbédji-Sikê,132.1,Saint-Jean-Gbèdiga,280.5,,0.529,intersection,residential,3,False,False,True,,SUSPICIOUS_OVERREACH
2158,6.368626,2.412903,2,Dagbédji-Sikê,132.5,Saint-Jean-Gbèdiga,279.9,,0.527,intersection,residential,3,False,False,True,,SUSPICIOUS_OVERREACH
4802,6.381944,2.425938,2,Ahouansouri-Agata,217.3,Aïdjèdo-Gbègo,266.1,,0.183,intersection,residential,3,False,False,False,,PLAUSIBLE_FRONTIER
3451,6.392747,2.347175,3,Hlouacomey,83.3,Yolomahouto,226.8,"Nonhouénou
",0.633,intersection,residential,3,False,False,False,,MULTI_QUARTIER
2077,6.361931,2.411193,2,Gbégamey-Mifongou,205.9,Gbégamey-Centre,249.0,,0.173,intersection,residential,3,False,False,False,,PLAUSIBLE_FRONTIER
5007,6.366624,2.387244,2,Missité,214.2,Gbèdégbé,266.3,,0.196,intersection,residential,3,False,False,False,,PLAUSIBLE_FRONTIER
2106,6.367314,2.408346,2,Gbégamey-Dodo-Ayidjè,210.4,Vodjè-Allobatin,254.4,,0.173,intersection,residential,4,False,False,False,,PLAUSIBLE_FRONTIER
1293,6.364283,2.420648,2,Todoté,164.4,Gbèdomidji,287.6,,0.429,intersection,residential,3,False,False,False,,PLAUSIBLE_FRONTIER
11878,6.370092,2.448324,2,Gbèdjèwin,141.9,Sodjatinmè-Ouest,216.2,,0.344,intersection,residential,3,False,False,False,,PLAUSIBLE_FRONTIER
11922,6.371832,2.44945,2,Fifatin,237.3,Gbèdjèwin,287.5,,0.174,intersection,primary,3,False,False,True,,PLAUSIBLE_FRONTIER
2245,6.364624,2.424559,2,Mifongou,138.9,Gbènan,240.9,,0.423,intersection,residential,4,False,False,False,,PLAUSIBLE_FRONTIER
42910,6.365572,2.431115,2,Sèdjro-Saint-Michel,215.0,Gbédokpo,258.3,,0.168,intersection,primary,4,False,False,False,,PLAUSIBLE_FRONTIER
5117,6.361364,2.429886,3,Dota,248.8,Missité,255.0,Avlékété-Joncquet,0.024,intersection,residential,4,False,False,False,,MULTI_QUARTIER
5143,6.362978,2.430924,2,Gbédokpo,142.8,Missité,162.2,,0.12,intersection,residential,4,False,False,False,,PLAUSIBLE_FRONTIER
1253,6.363406,2.430392,2,Gbédokpo,86.5,Missité,229.8,,0.623,intersection,residential,3,False,False,True,,SUSPICIOUS_OVERREACH
26279,6.393053,2.448135,2,Agbodjèdo,109.1,Minontchou,198.8,,0.451,intersection,residential,3,False,False,False,1358.7,PLAUSIBLE_FRONTIER
4912,6.376863,2.43009,2,Hindé-Nord,173.8,Aïdjèdo-Vignon,197.0,,0.118,bridge,residential,4,False,True,False,,ROAD_GRAPH_ARTIFACT
12045,6.379001,2.4328,2,Djidjè,165.4,Hindé-Nord,229.8,,0.28,intersection,residential,4,False,False,False,,PLAUSIBLE_FRONTIER
12050,6.378517,2.430928,2,Hindé-Nord,156.4,Djidjè,281.9,,0.445,intersection,residential,4,False,False,False,,PLAUSIBLE_FRONTIER
1485,6.382419,2.446949,2,Sègbèya-Sud,248.0,Ayélawadjè-Agongbomè,295.4,,0.16,intersection,secondary,7,False,False,False,,PLAUSIBLE_FRONTIER
6243,6.383063,2.451586,2,Ayélawadjè-Agongbomè,282.2,Kpondéhou-Tchèmè,284.7,,0.009,intersection,residential,3,False,False,False,,PLAUSIBLE_FRONTIER
83390,6.383668,2.45354,2,Kpondéhou-Tchèmè,138.6,Kpondéhou,243.4,,0.43,intersection,residential,4,False,False,False,,PLAUSIBLE_FRONTIER
9657,6.403311,2.341289,2,Sèdomey,139.7,Godomey-Togoudo,191.6,,0.271,intersection,residential,6,False,False,False,,PLAUSIBLE_FRONTIER
4880,6.362016,2.421256,2,Todoté,261.7,Gbèdomidji,294.8,,0.112,intersection,residential,3,False,False,False,,PLAUSIBLE_FRONTIER
5859,6.365007,2.445174,2,Abokicodji-Centre,226.4,Ohé,230.2,,0.017,intersection,residential,4,False,False,False,605.6,PLAUSIBLE_FRONTIER
411,6.380909,2.424636,2,Aïdjèdo,146.5,Ahouansouri-Agata,179.0,,0.182,intersection,residential,4,False,False,False,,PLAUSIBLE_FRONTIER
14193,6.37557,2.468157,2,Avotrou-Gbègo,147.1,Yagbé,297.8,,0.506,intersection,residential,4,False,False,False,,SUSPICIOUS_OVERREACH
2216,6.371181,2.412344,2,Gbégamey-Gbagoudo,182.9,Dagbédji-Sikê,277.1,,0.34,intersection,primary,3,False,False,True,,PLAUSIBLE_FRONTIER
6387,6.38166,2.451574,2,Ayélawadjè-Agongbomè,286.4,Kpondéhou-Tchèmè,287.9,,0.005,intersection,residential,3,False,False,False,,PLAUSIBLE_FRONTIER
3455,6.391682,2.346686,2,Yolomahouto,99.6,Hlouacomey,210.5,,0.527,intersection,residential,3,False,False,False,,SUSPICIOUS_OVERREACH
3561,6.39138,2.346844,2,Yolomahouto,102.1,Hlouacomey,265.5,,0.615,road_segment,residential,2,False,False,False,,SUSPICIOUS_OVERREACH
69368,6.391424,2.346146,2,Yolomahouto,108.5,Hlouacomey,275.1,,0.606,road_segment,residential,2,False,False,False,,SUSPICIOUS_OVERREACH
10657,6.366824,2.39028,2,Houénoussou,182.8,Missité,197.7,,0.075,road_segment,residential,2,False,False,False,,PLAUSIBLE_FRONTIER
5150,6.365468,2.428932,2,Gbédokpo,210.9,Sèdjro-Saint-Michel,262.9,,0.198,intersection,residential,4,False,False,False,,PLAUSIBLE_FRONTIER
4564,6.377923,2.423733,2,Aïdjèdo,254.1,Aïdjèdo-Ahito,267.2,,0.049,intersection,residential,4,False,False,False,,PLAUSIBLE_FRONTIER
5836,6.361803,2.444313,2,Akpakpa-Dodomè,104.2,Ohé,286.9,,0.637,intersection,secondary,3,False,False,False,352.5,SUSPICIOUS_OVERREACH
2136,6.362717,2.41117,2,Gbégamey-Centre,111.3,Gbégamey-Mifongou,293.2,,0.62,road_segment,residential,2,False,False,True,,SUSPICIOUS_OVERREACH
3475,6.392423,2.348122,2,Hlouacomey,97.6,Yolomahouto,271.3,,0.64,intersection,residential,3,False,False,False,,SUSPICIOUS_OVERREACH
67149,6.403038,2.338904,2,"Djoukpa-Togoudo
",100.1,Godomey-Togoudo,296.1,,0.662,road_segment,secondary,2,False,False,False,,SUSPICIOUS_OVERREACH
26327,6.365345,2.44774,2,Abokicodji-Centre,146.4,Ohé,240.9,,0.392,intersection,residential,4,False,False,False,,PLAUSIBLE_FRONTIER
4505,6.376361,2.408381,2,Agontinkon,143.1,Agbondjèdo,194.7,,0.265,intersection,residential,4,False,False,False,,PLAUSIBLE_FRONTIER
4552,6.377775,2.409206,2,Agontinkon,245.4,Houéhoun,269.2,,0.088,road_segment,residential,2,False,False,False,,PLAUSIBLE_FRONTIER
522,6.364352,2.4094,2,Gbégamey-Ahito,150.0,Gbégamey-Centre,297.5,,0.496,intersection,residential,4,False,False,False,,PLAUSIBLE_FRONTIER
648,6.354322,2.439565,2,Xwlacôdji-Kpodji,245.5,Xwlacôdji-Plage,292.7,,0.161,intersection,residential,5,False,False,False,,PLAUSIBLE_FRONTIER
659,6.355145,2.437564,2,Xwlacôdji-Kpodji,171.1,Guinkômey,230.4,,0.258,intersection,residential,3,False,False,False,,PLAUSIBLE_FRONTIER
43914,6.358036,2.438548,2,Tokpa-Hoho,106.1,Guinkômey,155.5,,0.318,road_segment,residential,2,False,False,True,411.5,PLAUSIBLE_FRONTIER
11879,6.369471,2.448822,2,Sodjatinmè-Ouest,128.0,Gbèdjèwin,155.4,,0.176,intersection,residential,3,False,False,False,,PLAUSIBLE_FRONTIER
2177,6.362515,2.411416,2,Gbégamey-Centre,93.5,Gbégamey-Mifongou,272.3,,0.657,road_segment,residential,2,False,False,True,,SUSPICIOUS_OVERREACH
2176,6.362421,2.411312,2,Gbégamey-Centre,109.0,Gbégamey-Mifongou,256.7,,0.576,road_segment,residential,2,False,False,True,,SUSPICIOUS_OVERREACH
14231,6.374194,2.468132,2,Yagbé,149.1,Avotrou-Gbègo,295.8,,0.496,intersection,residential,5,False,False,False,,PLAUSIBLE_FRONTIER
13770,6.560571,2.298775,2,Golo-Djigbé,153.2,"Adjamè
",278.1,,0.449,road_segment,trunk,2,False,False,False,,PLAUSIBLE_FRONTIER
4916,6.378112,2.432862,2,Hindé-Nord,97.7,Djidjè,297.6,,0.672,road_segment,residential,2,False,False,False,,SUSPICIOUS_OVERREACH
11927,6.365973,2.442138,2,Abokicodji-Lagune,161.9,Dédokpo,177.4,,0.088,intersection,secondary,3,False,False,False,342.3,PLAUSIBLE_FRONTIER
33430,6.381545,2.464172,2,Kowégbo,246.3,Suru-Léré,280.5,,0.122,intersection,residential,3,False,False,False,,PLAUSIBLE_FRONTIER
4657,6.376105,2.43283,2,Hindé-Sud,163.7,Hindé-Nord,184.3,,0.112,intersection,residential,4,False,False,False,,PLAUSIBLE_FRONTIER
12037,6.364459,2.44562,2,Ohé,151.7,Abokicodji-Centre,258.6,,0.413,intersection,residential,3,False,False,False,,PLAUSIBLE_FRONTIER
26669,6.355868,2.437364,2,Guinkômey,152.3,Xwlacôdji-Kpodji,249.2,,0.389,intersection,tertiary,3,False,False,False,657.7,PLAUSIBLE_FRONTIER
83793,6.379306,2.432565,2,Djidjè,125.2,Hindé-Nord,270.0,,0.536,road_segment,residential,2,False,False,False,,SUSPICIOUS_OVERREACH
65863,6.365221,2.423022,2,Gbènan,174.8,Gbèdomidji,234.8,,0.256,intersection,residential,3,False,False,False,,PLAUSIBLE_FRONTIER
576,6.356858,2.438096,2,Guinkômey,168.5,Tokpa-Hoho,213.4,,0.21,bridge,primary,7,False,True,False,527.9,ROAD_GRAPH_ARTIFACT
1277,6.365708,2.420914,2,Yévèdo,167.4,Gbèdomidji,271.2,,0.383,intersection,residential,4,False,False,False,,PLAUSIBLE_FRONTIER
3452,6.392254,2.347011,2,Hlouacomey,136.7,Yolomahouto,173.4,,0.212,intersection,residential,3,False,False,False,,PLAUSIBLE_FRONTIER
24522,6.392794,2.34695,3,Hlouacomey,104.3,Yolomahouto,229.9,"Nonhouénou
",0.546,road_segment,residential,2,False,False,False,,MULTI_QUARTIER
11929,6.362927,2.44733,2,Ohé,101.4,Akpakpa-Dodomè,295.4,,0.657,road_segment,unclassified,2,False,False,False,,SUSPICIOUS_OVERREACH
1273,6.368085,2.419028,2,Sèhogan-Sikê,167.1,Yévèdo,169.2,,0.012,intersection,residential,4,False,False,False,,PLAUSIBLE_FRONTIER
4514,6.373714,2.408768,2,Agbondjèdo,130.8,Gbégamey-Gbagoudo,272.3,,0.52,intersection,residential,4,False,False,False,,SUSPICIOUS_OVERREACH
1279,6.364968,2.4215,4,Gbèdomidji,166.4,Gbènan,243.0,Yévèdo|Todoté,0.315,intersection,residential,4,False,False,False,,MULTI_QUARTIER
41518,6.365081,2.422823,2,Gbènan,201.7,Gbèdomidji,207.9,,0.029,intersection,residential,3,False,False,False,,PLAUSIBLE_FRONTIER
26827,6.393349,2.346743,3,Hlouacomey,109.2,"Nonhouénou
",169.6,Yolomahouto,0.356,intersection,residential,3,False,False,True,,MULTI_QUARTIER
36164,6.393531,2.346685,3,Hlouacomey,117.8,"Nonhouénou
",160.6,Yolomahouto,0.267,intersection,trunk,3,False,False,True,,MULTI_QUARTIER
36171,6.393661,2.346598,3,Hlouacomey,133.1,"Nonhouénou
",155.2,Yolomahouto,0.142,intersection,residential,3,False,False,True,,MULTI_QUARTIER
45115,6.360869,2.432612,2,Missité,158.7,Avlékété-Joncquet,251.9,,0.37,intersection,residential,3,False,False,True,,PLAUSIBLE_FRONTIER
12909,6.36435,2.384644,2,Gbèdégbé,150.8,Aïbatin-Dodo,264.9,,0.431,intersection,residential,3,False,False,False,,PLAUSIBLE_FRONTIER
65869,6.368189,2.430065,2,Sèdjro-Saint-Michel,170.6,Nouveau-Pont,260.4,,0.345,road_segment,residential,2,False,False,False,,PLAUSIBLE_FRONTIER
1254,6.362888,2.430809,2,Missité,156.0,Gbédokpo,159.0,,0.019,intersection,residential,4,False,False,False,,PLAUSIBLE_FRONTIER
4578,6.37885,2.423003,2,Aïdjèdo-Ahito,263.8,Aïdjèdo,279.6,,0.057,intersection,residential,4,False,False,False,,PLAUSIBLE_FRONTIER
3616,6.390449,2.347467,2,Yolomahouto,106.6,Hlouacomey,291.9,,0.635,intersection,residential,3,False,False,False,,SUSPICIOUS_OVERREACH
69357,6.390578,2.347228,2,Yolomahouto,111.7,Hlouacomey,247.8,,0.549,road_segment,residential,2,False,False,False,,SUSPICIOUS_OVERREACH
5837,6.367445,2.446033,2,Abokicodji-Centre,158.9,Gbèdjèwin,210.0,,0.243,intersection,residential,4,False,False,False,,PLAUSIBLE_FRONTIER
1430,6.369672,2.430867,3,Nouveau-Pont,157.1,Dantôkpa,238.9,Jéricho-Sud,0.342,intersection,primary,6,False,False,False,,MULTI_QUARTIER
11842,6.370346,2.452926,2,Fifatin,162.1,Sodjatinmè-Centre,278.8,,0.419,intersection,primary,4,False,False,False,,PLAUSIBLE_FRONTIER
6092,6.386613,2.439963,2,Adôgléta,160.0,Hlacômey,290.3,,0.449,intersection,residential,4,False,False,False,419.8,PLAUSIBLE_FRONTIER
6010,6.387249,2.440714,2,Adôgléta,157.3,Hlacômey,160.4,,0.02,intersection,residential,3,False,False,False,504.7,PLAUSIBLE_FRONTIER
33306,6.393037,2.343424,2,Salamey,176.8,"Nonhouénou
",260.6,,0.321,intersection,residential,3,False,False,False,,PLAUSIBLE_FRONTIER
520,6.363789,2.410615,2,Gbégamey-Centre,149.3,Gbégamey-Ahito,298.2,,0.499,intersection,residential,3,False,False,False,,PLAUSIBLE_FRONTIER
12910,6.363419,2.384168,2,Aïbatin-Dodo,148.8,Gbèdégbé,266.9,,0.443,intersection,residential,3,False,False,False,,PLAUSIBLE_FRONTIER
48057,6.381623,2.457909,2,Ahouassa,233.8,Sènadé,274.4,,0.148,intersection,residential,3,False,False,False,,PLAUSIBLE_FRONTIER
4857,6.383976,2.426623,2,Aïdjèdo-Gbègo,196.4,Ahouansouri-Agata,289.2,,0.321,intersection,residential,4,False,False,False,,PLAUSIBLE_FRONTIER
10772,6.366002,2.387038,2,Gbèdégbé,158.9,Missité,189.0,,0.159,intersection,residential,3,False,False,False,,PLAUSIBLE_FRONTIER
2266,6.367482,2.403571,2,Cadjèhoun-Détinsa,124.2,Vodjè-Centre,176.7,,0.297,road_segment,residential,2,False,False,False,,PLAUSIBLE_FRONTIER
3624,6.390264,2.342467,2,"Aïmèvo
",132.8,Salamey,193.6,,0.314,intersection,secondary,3,False,False,False,,PLAUSIBLE_FRONTIER
72026,6.389784,2.341877,2,"Aïmèvo
",145.1,Salamey,291.8,,0.503,road_segment,residential,2,False,False,False,,SUSPICIOUS_OVERREACH
2088,6.369533,2.410209,2,Gbégamey-Gbagoudo,210.3,Dagbédji-Sikê,281.7,,0.253,road_segment,residential,2,False,False,False,,PLAUSIBLE_FRONTIER
313,6.356548,2.399562,2,Cadjèhoun-Azalokogon,118.2,Haie-Vive-Cocotiers,295.0,,0.599,intersection,primary,5,False,False,False,,SUSPICIOUS_OVERREACH
47959,6.365116,2.446477,2,Abokicodji-Centre,139.0,Ohé,172.3,,0.194,intersection,residential,3,False,False,False,,PLAUSIBLE_FRONTIER
5011,6.36769,2.393138,2,Houéyihô,121.7,Houénoussou,231.9,,0.475,intersection,residential,3,False,False,False,,PLAUSIBLE_FRONTIER
5834,6.362699,2.445881,2,Ohé,119.5,Akpakpa-Dodomè,259.7,,0.54,road_segment,service,2,False,False,False,,SUSPICIOUS_OVERREACH
5835,6.362743,2.445472,2,Ohé,122.9,Akpakpa-Dodomè,263.1,,0.533,intersection,service,3,False,False,False,517.7,SUSPICIOUS_OVERREACH
338,6.371287,2.412485,2,Gbégamey-Gbagoudo,190.9,Dagbédji-Sikê,296.7,,0.356,intersection,primary,3,False,False,True,,PLAUSIBLE_FRONTIER
32194,6.391135,2.342973,2,Salamey,157.1,"Aïmèvo
",291.8,,0.462,intersection,residential,3,False,False,False,,PLAUSIBLE_FRONTIER
5925,6.375839,2.443296,2,Adjégounlè,232.4,Midombo,283.5,,0.18,intersection,residential,4,False,False,False,720.9,PLAUSIBLE_FRONTIER
2222,6.370679,2.418417,2,Énagnon-Sikê,193.7,Sèhogan-Sikê,226.3,,0.144,intersection,primary,4,False,False,False,,PLAUSIBLE_FRONTIER
3474,6.391726,2.348555,2,Hlouacomey,185.8,Yolomahouto,259.7,,0.285,intersection,residential,3,False,False,False,,PLAUSIBLE_FRONTIER
3548,6.392132,2.347955,2,Hlouacomey,123.1,Yolomahouto,245.9,,0.5,road_segment,residential,2,False,False,False,,PLAUSIBLE_FRONTIER
4917,6.378445,2.433232,2,Hindé-Nord,152.9,Djidjè,242.4,,0.369,intersection,residential,4,False,False,False,,PLAUSIBLE_FRONTIER
4670,6.376695,2.43004,2,Aïdjèdo-Vignon,186.2,Hindé-Nord,190.3,,0.022,bridge,residential,4,False,True,False,,ROAD_GRAPH_ARTIFACT
26217,6.392786,2.44905,2,Minontchou,136.6,Agbodjèdo,247.7,,0.448,intersection,residential,3,False,False,False,1456.9,PLAUSIBLE_FRONTIER
6167,6.393089,2.448586,2,Minontchou,148.5,Agbodjèdo,159.4,,0.069,intersection,residential,4,False,False,False,1408.9,PLAUSIBLE_FRONTIER
9871,6.363523,2.384886,2,Aïbatin-Dodo,257.6,Gbèdégbé,287.8,,0.105,intersection,residential,4,False,False,False,,PLAUSIBLE_FRONTIER
3454,6.391933,2.346876,2,Yolomahouto,134.6,Hlouacomey,175.6,,0.234,road_segment,tertiary,2,False,False,False,,PLAUSIBLE_FRONTIER
24485,6.391997,2.346554,2,Yolomahouto,123.6,Hlouacomey,210.6,,0.413,road_segment,residential,2,False,False,False,,PLAUSIBLE_FRONTIER
13772,6.56126,2.298091,2,"Adjamè
",170.5,Golo-Djigbé,260.8,,0.346,road_segment,trunk,2,False,False,False,,PLAUSIBLE_FRONTIER
9055,6.402876,2.339137,2,"Djoukpa-Togoudo
",131.5,Godomey-Togoudo,264.7,,0.503,intersection,residential,3,False,False,False,,SUSPICIOUS_OVERREACH
5987,6.392513,2.451636,2,Minontchou,150.1,Gankpodo,226.5,,0.337,intersection,residential,4,False,False,False,1741.2,PLAUSIBLE_FRONTIER
2119,6.368988,2.416236,2,Sèhogan-Sikê,281.0,Énagnon-Sikê,294.2,,0.045,intersection,residential,4,False,False,False,,PLAUSIBLE_FRONTIER
10023,6.365624,2.478457,2,Finagnon,265.7,Dandji,268.7,,0.011,intersection,residential,4,False,False,False,,PLAUSIBLE_FRONTIER
3560,6.391095,2.347195,2,Yolomahouto,128.4,Hlouacomey,231.2,,0.445,intersection,residential,4,False,False,False,,PLAUSIBLE_FRONTIER
6237,6.38429,2.453546,2,Kpondéhou,174.2,Kpondéhou-Tchèmè,207.8,,0.162,intersection,residential,4,False,False,False,,PLAUSIBLE_FRONTIER
47970,6.362598,2.443669,2,Abokicodji-Lagune,212.1,Akpakpa-Dodomè,217.6,,0.025,intersection,secondary,3,False,False,False,339.0,PLAUSIBLE_FRONTIER
24523,6.392864,2.346702,3,Hlouacomey,125.8,Yolomahouto,208.5,"Nonhouénou
",0.397,intersection,residential,4,False,False,False,,MULTI_QUARTIER
9076,6.402391,2.339852,2,Godomey-Togoudo,169.0,"Djoukpa-Togoudo
",227.2,,0.256,intersection,residential,4,False,False,False,,PLAUSIBLE_FRONTIER
43913,6.357859,2.438322,2,Guinkômey,127.9,Tokpa-Hoho,133.7,,0.044,road_segment,residential,2,False,False,False,443.2,PLAUSIBLE_FRONTIER
1338,6.365039,2.420095,2,Todoté,268.3,Yévèdo,284.5,,0.057,intersection,residential,4,False,False,False,,PLAUSIBLE_FRONTIER
3555,6.390859,2.347879,2,Yolomahouto,144.5,Hlouacomey,280.6,,0.485,intersection,residential,3,False,False,False,,PLAUSIBLE_FRONTIER
10789,6.367562,2.39203,2,Houénoussou,126.3,Houéyihô,265.4,,0.524,road_segment,residential,2,False,False,False,,SUSPICIOUS_OVERREACH
27317,6.367576,2.392355,2,Houénoussou,146.2,Houéyihô,207.2,,0.294,road_segment,secondary,2,False,False,False,,PLAUSIBLE_FRONTIER
83891,6.366347,2.442149,2,Dédokpo,145.2,Abokicodji-Lagune,194.2,,0.252,road_segment,secondary,2,False,False,False,359.9,PLAUSIBLE_FRONTIER
24525,6.393321,2.345631,2,"Nonhouénou
",176.3,Hlouacomey,249.1,,0.292,intersection,residential,3,False,False,False,,PLAUSIBLE_FRONTIER
580,6.357218,2.437914,2,Guinkômey,128.5,Tokpa-Hoho,173.4,,0.259,road_segment,secondary,2,False,False,False,521.4,PLAUSIBLE_FRONTIER
3603,6.394389,2.346291,2,"Nonhouénou
",156.6,Hlouacomey,226.1,,0.307,intersection,residential,3,False,False,False,,PLAUSIBLE_FRONTIER
26280,6.393959,2.448074,2,Agbodjèdo,210.0,Minontchou,299.7,,0.299,road_segment,residential,2,False,False,False,1366.6,PLAUSIBLE_FRONTIER
26315,6.369273,2.442707,3,Dédokpo,163.9,Misséssin,174.3,Gbénonkpô,0.059,intersection,residential,3,False,False,False,537.9,MULTI_QUARTIER
26815,6.368989,2.433257,2,Nouveau-Pont,200.3,Dantôkpa,266.3,,0.248,road_segment,service,2,False,False,False,,PLAUSIBLE_FRONTIER
3477,6.391611,2.353309,2,"Sèdjannako
",198.7,"Finafa
",243.7,,0.185,intersection,residential,3,False,False,False,,PLAUSIBLE_FRONTIER
330,6.370802,2.418573,2,Énagnon-Sikê,215.6,Sèhogan-Sikê,248.4,,0.132,intersection,primary,4,False,False,False,,PLAUSIBLE_FRONTIER
47961,6.370323,2.442767,3,Misséssin,141.2,Gbénonkpô,161.9,Dédokpo,0.128,intersection,residential,3,False,False,False,574.9,MULTI_QUARTIER
9658,6.403001,2.34122,2,Sèdomey,161.2,Godomey-Togoudo,170.1,,0.052,road_segment,tertiary,2,False,False,True,,PLAUSIBLE_FRONTIER
4622,6.378783,2.421021,2,Gbèdjromèdè,139.6,Aïdjèdo-Ahito,216.6,,0.355,road_segment,residential,2,False,False,False,,PLAUSIBLE_FRONTIER
3808,6.366427,2.392992,2,Houénoussou,268.4,Houéyihô,284.5,,0.057,intersection,residential,3,False,False,False,,PLAUSIBLE_FRONTIER
3779,6.356366,2.39992,2,Cadjèhoun-Azalokogon,140.6,Haie-Vive-Cocotiers,272.5,,0.484,intersection,primary,3,False,False,True,,PLAUSIBLE_FRONTIER
5986,6.392383,2.452116,2,Gankpodo,171.6,Minontchou,205.1,,0.164,intersection,residential,4,False,False,False,1793.4,PLAUSIBLE_FRONTIER
83687,6.365791,2.390112,2,Houénoussou,153.7,Missité,192.3,,0.201,road_segment,residential,2,False,False,False,,PLAUSIBLE_FRONTIER
10711,6.367724,2.390725,2,Houénoussou,143.2,Missité,282.6,,0.493,road_segment,residential,2,False,False,False,,PLAUSIBLE_FRONTIER
45103,6.35583,2.398928,2,Haie-Vive-Cocotiers,192.3,Cadjèhoun-Azalokogon,290.4,,0.338,road_segment,residential,2,False,False,False,,PLAUSIBLE_FRONTIER
5009,6.367318,2.393266,2,Houéyihô,165.5,Houénoussou,275.6,,0.4,intersection,residential,3,False,False,False,,PLAUSIBLE_FRONTIER
27298,6.367508,2.392839,2,Houéyihô,160.4,Houénoussou,193.2,,0.17,road_segment,secondary,2,False,False,True,,PLAUSIBLE_FRONTIER
3547,6.391997,2.347908,2,Hlouacomey,139.0,Yolomahouto,230.0,,0.396,intersection,residential,3,False,False,False,,PLAUSIBLE_FRONTIER
24484,6.392217,2.346581,3,Yolomahouto,139.4,Hlouacomey,194.8,"Nonhouénou
",0.284,road_segment,residential,2,False,False,False,,MULTI_QUARTIER
5720,6.359061,2.397554,2,Cadjèhoun-Agonga,246.3,Cadjèhoun-Azalokogon,253.2,,0.027,road_segment,residential,2,False,False,False,,PLAUSIBLE_FRONTIER
83686,6.365711,2.389958,2,Houénoussou,172.8,Missité,197.5,,0.125,road_segment,residential,2,False,False,False,,PLAUSIBLE_FRONTIER
10852,6.361741,2.380751,2,Aïbatin-Kpota,242.0,Aïbatin-Dodo,293.5,,0.176,intersection,residential,4,False,False,False,,PLAUSIBLE_FRONTIER
3700,6.384218,2.39191,2,Midédji,218.8,Missogbé,298.9,,0.268,intersection,residential,3,False,False,False,,PLAUSIBLE_FRONTIER
2100,6.369016,2.408646,3,Gbégamey-Dodo-Ayidjè,195.9,Gbégamey-Gbagoudo,250.2,Vodjè-Allobatin,0.217,intersection,residential,4,False,False,False,,MULTI_QUARTIER
2091,6.367799,2.408015,2,Vodjè-Allobatin,189.3,Gbégamey-Dodo-Ayidjè,270.9,,0.301,intersection,residential,4,False,False,False,,PLAUSIBLE_FRONTIER
24524,6.392942,2.346483,3,Hlouacomey,147.7,Yolomahouto,230.4,"Nonhouénou
",0.359,road_segment,residential,2,False,False,False,,MULTI_QUARTIER
69364,6.392602,2.346673,3,Hlouacomey,150.8,Yolomahouto,183.5,"Nonhouénou
",0.178,road_segment,residential,2,False,False,False,,MULTI_QUARTIER
33308,6.393649,2.343875,2,"Nonhouénou
",185.3,Salamey,269.3,,0.312,intersection,residential,3,False,False,False,,PLAUSIBLE_FRONTIER
33304,6.393227,2.344278,2,"Nonhouénou
",163.9,Salamey,273.5,,0.401,intersection,residential,4,False,False,False,,PLAUSIBLE_FRONTIER
1261,6.359886,2.433314,2,Avlékété-Joncquet,246.6,Missité,277.5,,0.111,intersection,tertiary,5,False,False,False,,PLAUSIBLE_FRONTIER
10788,6.368213,2.391941,2,Houénoussou,199.4,Houéyihô,279.8,,0.287,intersection,residential,3,False,False,False,,PLAUSIBLE_FRONTIER
378,6.366043,2.428368,2,Sèdjro-Saint-Michel,196.0,Gbédokpo,299.8,,0.346,intersection,primary,4,False,False,False,,PLAUSIBLE_FRONTIER
11873,6.369619,2.448704,2,Gbèdjèwin,146.1,Sodjatinmè-Ouest,149.0,,0.02,intersection,residential,4,False,False,False,,PLAUSIBLE_FRONTIER
3559,6.391407,2.347424,2,Yolomahouto,147.0,Hlouacomey,249.9,,0.411,road_segment,residential,2,False,False,False,,PLAUSIBLE_FRONTIER
69361,6.391679,2.347284,2,Yolomahouto,153.1,Hlouacomey,206.5,,0.259,road_segment,residential,2,False,False,False,,PLAUSIBLE_FRONTIER
4642,6.375469,2.418726,2,Fignon-Sikê,192.7,Missité-Sikê,271.5,,0.29,intersection,residential,4,False,False,False,,PLAUSIBLE_FRONTIER
4593,6.377186,2.419922,2,Gbèdjromèdè,275.4,Aïdjèdo-Ahito,295.4,,0.068,intersection,residential,4,False,False,False,,PLAUSIBLE_FRONTIER
2155,6.366147,2.409762,2,Gbégamey-Ahito,221.8,Gbégamey-Dodo-Ayidjè,227.5,,0.025,road_segment,residential,2,False,False,False,,PLAUSIBLE_FRONTIER
4991,6.370647,2.40189,2,Vodjè-Finagnon,193.9,Vodjè-Centre,267.8,,0.276,intersection,residential,4,False,False,False,,PLAUSIBLE_FRONTIER
12904,6.370562,2.401782,2,Vodjè-Finagnon,193.2,Vodjè-Centre,267.7,,0.278,intersection,residential,4,False,False,False,,PLAUSIBLE_FRONTIER
91151,6.374259,2.409829,2,Agbondjèdo,173.1,Gbégamey-Gbagoudo,299.7,,0.422,intersection,service,3,False,False,False,,PLAUSIBLE_FRONTIER
60681,6.402651,2.341933,2,Godomey-Togoudo,189.2,Sèdomey,266.0,,0.289,road_segment,residential,2,False,False,False,,PLAUSIBLE_FRONTIER
1457,6.370282,2.433793,2,Dantôkpa,166.0,Nouveau-Pont,287.5,,0.423,road_segment,primary,2,False,False,True,,PLAUSIBLE_FRONTIER
1467,6.370153,2.4339,2,Dantôkpa,158.5,Nouveau-Pont,294.2,,0.461,intersection,primary,3,False,False,True,,PLAUSIBLE_FRONTIER
4515,6.373152,2.408973,2,Agbondjèdo,192.6,Gbégamey-Gbagoudo,210.4,,0.085,intersection,residential,3,False,False,False,,PLAUSIBLE_FRONTIER
11864,6.369781,2.45729,2,Irédé,265.6,Sodjatinmè-Est,295.3,,0.1,intersection,residential,4,False,False,False,,PLAUSIBLE_FRONTIER
9042,6.402642,2.339479,2,"Djoukpa-Togoudo
",177.4,Godomey-Togoudo,218.8,,0.189,intersection,residential,3,False,False,False,,PLAUSIBLE_FRONTIER
4609,6.36842,2.41357,2,Dagbédji-Sikê,197.4,Saint-Jean-Gbèdiga,215.2,,0.082,intersection,residential,3,False,False,True,,PLAUSIBLE_FRONTIER
2130,6.368239,2.413374,2,Dagbédji-Sikê,200.1,Saint-Jean-Gbèdiga,212.3,,0.058,intersection,residential,3,False,False,True,,PLAUSIBLE_FRONTIER
2090,6.368195,2.40852,2,Gbégamey-Dodo-Ayidjè,199.8,Vodjè-Allobatin,260.4,,0.233,road_segment,residential,2,False,False,False,,PLAUSIBLE_FRONTIER
29281,6.389945,2.342704,2,"Aïmèvo
",162.5,Salamey,223.2,,0.272,road_segment,secondary,2,False,False,False,,PLAUSIBLE_FRONTIER
6054,6.387587,2.440103,2,Hlacômey,184.6,Adôgléta,265.7,,0.305,intersection,residential,3,False,False,False,437.9,PLAUSIBLE_FRONTIER
4969,6.379476,2.387328,2,Védokô,261.1,Sètôvi,272.9,,0.043,intersection,residential,3,False,False,False,,PLAUSIBLE_FRONTIER
3891,6.380683,2.390022,2,Missogbé,191.0,Sètôvi,235.5,,0.189,intersection,residential,3,False,False,False,,PLAUSIBLE_FRONTIER
3453,6.392066,2.346946,2,Yolomahouto,151.3,Hlouacomey,158.8,,0.047,road_segment,tertiary,2,False,False,False,,PLAUSIBLE_FRONTIER
5158,6.36938,2.433919,2,Bocossi-Tokpa,204.7,Dantôkpa,284.5,,0.28,intersection,residential,3,False,False,False,,PLAUSIBLE_FRONTIER
12041,6.384442,2.426255,2,Ahouansouri-Agata,231.6,Aïdjèdo-Gbègo,262.2,,0.117,intersection,residential,3,False,False,False,,PLAUSIBLE_FRONTIER
3476,6.391951,2.353498,2,"Finafa
",200.5,"Sèdjannako
",241.8,,0.171,intersection,residential,3,False,False,False,,PLAUSIBLE_FRONTIER
3424,6.392697,2.352207,2,"Finafa
",235.2,"Sèdjannako
",276.5,,0.149,intersection,residential,3,False,False,False,,PLAUSIBLE_FRONTIER
5687,6.356556,2.397996,2,Haie-Vive-Cocotiers,231.1,Cadjèhoun-Azalokogon,260.8,,0.114,intersection,residential,3,False,False,False,,PLAUSIBLE_FRONTIER
3571,6.392154,2.347417,2,Hlouacomey,153.3,Yolomahouto,190.0,,0.193,intersection,residential,3,False,False,False,,PLAUSIBLE_FRONTIER
5134,6.361828,2.425381,2,Gbéto,256.7,Mifongou,293.2,,0.124,intersection,residential,3,False,False,False,,PLAUSIBLE_FRONTIER
11825,6.369837,2.453327,2,Sodjatinmè-Centre,208.6,Fifatin,232.4,,0.102,intersection,primary,4,False,False,False,,PLAUSIBLE_FRONTIER
4212,6.370177,2.402253,2,Vodjè-Centre,201.9,Vodjè-Finagnon,259.8,,0.223,intersection,residential,4,False,False,False,,PLAUSIBLE_FRONTIER
4211,6.370093,2.402145,2,Vodjè-Centre,201.9,Vodjè-Finagnon,259.0,,0.22,intersection,residential,4,False,False,False,,PLAUSIBLE_FRONTIER
2093,6.36603,2.405807,2,Cadjèhoun-Détinsa,160.2,Gbégamey-Ahito,288.9,,0.445,intersection,residential,4,False,False,True,,PLAUSIBLE_FRONTIER
10265,6.366681,2.476881,2,Finagnon,236.2,Dandji,257.3,,0.082,intersection,residential,3,False,False,False,,PLAUSIBLE_FRONTIER
3570,6.391808,2.348045,2,Hlouacomey,164.8,Yolomahouto,255.9,,0.356,road_segment,residential,2,False,False,False,,PLAUSIBLE_FRONTIER
50858,6.403377,2.340891,2,Sèdomey,175.3,Godomey-Togoudo,227.2,,0.228,road_segment,residential,2,False,False,False,,PLAUSIBLE_FRONTIER
619,6.356119,2.399878,2,Cadjèhoun-Azalokogon,159.1,Haie-Vive-Cocotiers,254.1,,0.374,intersection,primary,3,False,False,True,,PLAUSIBLE_FRONTIER
614,6.356057,2.400207,2,Cadjèhoun-Azalokogon,167.9,Haie-Vive-Cocotiers,273.8,,0.387,intersection,primary,3,False,False,True,,PLAUSIBLE_FRONTIER
620,6.356028,2.400038,2,Cadjèhoun-Azalokogon,179.4,Haie-Vive-Cocotiers,254.8,,0.296,intersection,primary,3,False,False,True,,PLAUSIBLE_FRONTIER
4594,6.375931,2.418358,2,Missité-Sikê,206.1,Fignon-Sikê,258.2,,0.202,intersection,residential,4,False,False,False,,PLAUSIBLE_FRONTIER
4647,6.377709,2.42634,2,Aïdjèdo-Vignon,279.5,Jéricho-Nord,299.4,,0.066,road_segment,residential,2,False,False,False,,PLAUSIBLE_FRONTIER
3894,6.380704,2.388985,2,Sètôvi,160.7,Missogbé,299.0,,0.462,road_segment,residential,2,False,False,False,,PLAUSIBLE_FRONTIER
68512,6.392789,2.343847,2,Salamey,230.8,"Nonhouénou
",245.3,,0.059,road_segment,residential,2,False,False,False,,PLAUSIBLE_FRONTIER
5956,6.382254,2.463521,2,Kowégbo,245.4,Suru-Léré,285.6,,0.141,intersection,residential,5,False,False,False,,PLAUSIBLE_FRONTIER
2255,6.379742,2.453528,2,Kpondéhou-Tchèmè,285.4,Lom-Nava,288.1,,0.009,intersection,residential,4,False,False,False,,PLAUSIBLE_FRONTIER
10879,6.363655,2.382989,2,Aïbatin-Kpota,191.7,Aïbatin-Dodo,265.6,,0.278,road_segment,residential,2,False,False,False,,PLAUSIBLE_FRONTIER
3615,6.391011,2.348217,2,Yolomahouto,161.6,Hlouacomey,263.5,,0.387,road_segment,residential,2,False,False,False,,PLAUSIBLE_FRONTIER
26336,6.366206,2.44213,2,Dédokpo,161.0,Abokicodji-Lagune,178.3,,0.097,intersection,residential,3,False,False,False,351.8,PLAUSIBLE_FRONTIER
546,6.364912,2.406347,2,Gbégamey-Ahito,233.2,Cadjèhoun-Détinsa,254.0,,0.082,intersection,residential,3,False,False,False,,PLAUSIBLE_FRONTIER
2108,6.365745,2.406352,2,Gbégamey-Ahito,220.8,Cadjèhoun-Détinsa,228.3,,0.033,intersection,residential,3,False,False,False,,PLAUSIBLE_FRONTIER
6221,6.380345,2.459214,2,Ahouassa,231.4,Sènadé,287.6,,0.195,intersection,residential,3,False,False,True,,PLAUSIBLE_FRONTIER
9897,6.38001,2.372149,2,Agla-Petit-Château,212.8,Ahogbohoué-Cité-De-l'Expérience,285.6,,0.255,intersection,residential,6,False,False,False,,PLAUSIBLE_FRONTIER
4803,6.381273,2.425094,2,Aïdjèdo,211.2,Ahouansouri-Agata,243.7,,0.133,intersection,residential,3,False,False,False,,PLAUSIBLE_FRONTIER
3558,6.391327,2.347557,2,Yolomahouto,164.2,Hlouacomey,267.0,,0.385,road_segment,residential,2,False,False,False,,PLAUSIBLE_FRONTIER
14519,6.374913,2.468154,2,Avotrou-Gbègo,217.6,Yagbé,227.3,,0.043,intersection,residential,4,False,False,False,,PLAUSIBLE_FRONTIER
417,6.377604,2.42524,2,Aïdjèdo,227.1,Jéricho-Nord,236.6,,0.04,intersection,residential,4,False,False,False,,PLAUSIBLE_FRONTIER
4813,6.377473,2.424087,2,Jéricho-Nord,276.2,Aïdjèdo,294.2,,0.061,intersection,residential,4,False,False,False,,PLAUSIBLE_FRONTIER
6166,6.391815,2.448567,2,Minontchou,282.8,Agbodjèdo,289.9,,0.024,intersection,residential,4,False,False,False,1396.3,PLAUSIBLE_FRONTIER
26307,6.394171,2.448574,2,Minontchou,266.3,Agbodjèdo,277.2,,0.04,road_segment,residential,2,False,False,False,1425.6,PLAUSIBLE_FRONTIER
9884,6.363769,2.384353,2,Aïbatin-Dodo,192.7,Gbèdégbé,223.0,,0.136,intersection,residential,3,False,False,False,,PLAUSIBLE_FRONTIER
29637,6.363541,2.383913,3,Aïbatin-Dodo,180.0,Aïbatin-Kpota,277.3,Gbèdégbé,0.351,intersection,residential,3,False,False,False,,MULTI_QUARTIER
521,6.364059,2.410032,2,Gbégamey-Centre,220.5,Gbégamey-Ahito,227.0,,0.029,intersection,residential,4,False,False,False,,PLAUSIBLE_FRONTIER
544,6.364961,2.410197,2,Gbégamey-Ahito,261.1,Gbégamey-Centre,288.8,,0.096,intersection,residential,4,False,False,False,,PLAUSIBLE_FRONTIER
252,6.362164,2.423731,3,Gbèdomidji,231.0,Mifongou,261.3,Gbéto,0.116,intersection,primary,4,False,False,False,,MULTI_QUARTIER
76104,6.364451,2.384183,2,Gbèdégbé,202.8,Aïbatin-Dodo,285.5,,0.29,intersection,residential,3,False,False,False,,PLAUSIBLE_FRONTIER
5042,6.35813,2.426942,3,Zongo-Nima,252.9,Gbéto,285.3,Dota,0.113,intersection,secondary,4,False,False,False,,MULTI_QUARTIER
5887,6.364618,2.44549,2,Ohé,174.6,Abokicodji-Centre,281.4,,0.38,intersection,residential,3,False,False,False,618.5,PLAUSIBLE_FRONTIER
26670,6.355657,2.437537,2,Guinkômey,173.3,Xwlacôdji-Kpodji,228.2,,0.241,intersection,primary,4,False,False,True,655.6,PLAUSIBLE_FRONTIER
579,6.355745,2.437863,2,Guinkômey,193.1,Xwlacôdji-Kpodji,234.2,,0.176,intersection,primary,6,False,False,False,620.5,PLAUSIBLE_FRONTIER
33315,6.393547,2.343397,2,Salamey,215.3,"Nonhouénou
",239.3,,0.1,intersection,residential,3,False,False,False,,PLAUSIBLE_FRONTIER
69360,6.391952,2.347325,2,Hlouacomey,175.8,Yolomahouto,183.8,,0.044,road_segment,residential,2,False,False,False,,PLAUSIBLE_FRONTIER
13771,6.560896,2.298457,2,Golo-Djigbé,203.6,"Adjamè
",227.7,,0.106,road_segment,trunk,2,False,False,False,,PLAUSIBLE_FRONTIER
1250,6.365369,2.428809,2,Gbédokpo,227.7,Sèdjro-Saint-Michel,280.4,,0.188,intersection,residential,4,False,False,False,,PLAUSIBLE_FRONTIER
3512,6.394609,2.346488,2,"Nonhouénou
",189.4,Hlouacomey,258.9,,0.268,intersection,residential,3,False,False,False,,PLAUSIBLE_FRONTIER
1431,6.369748,2.429923,2,Nouveau-Pont,251.6,Jéricho-Sud,252.9,,0.005,intersection,primary,4,False,False,False,,PLAUSIBLE_FRONTIER
69365,6.390001,2.343028,2,"Aïmèvo
",220.6,Salamey,271.0,,0.186,road_segment,residential,2,False,False,False,,PLAUSIBLE_FRONTIER
5788,6.382408,2.457264,2,Ahouassa,236.1,Sènadé,289.6,,0.185,intersection,residential,4,False,False,False,,PLAUSIBLE_FRONTIER
90514,6.36533,2.405978,2,Cadjèhoun-Détinsa,191.9,Gbégamey-Ahito,295.3,,0.35,road_segment,secondary,2,False,False,False,,PLAUSIBLE_FRONTIER
1466,6.370039,2.433671,2,Dantôkpa,187.3,Nouveau-Pont,265.4,,0.294,road_segment,primary,2,False,False,True,,PLAUSIBLE_FRONTIER
5847,6.367908,2.44566,2,Abokicodji-Centre,224.8,Gbèdjèwin,256.3,,0.123,intersection,residential,3,False,False,False,,PLAUSIBLE_FRONTIER
618,6.355913,2.399856,2,Cadjèhoun-Azalokogon,182.1,Haie-Vive-Cocotiers,231.1,,0.212,intersection,residential,3,False,False,False,,PLAUSIBLE_FRONTIER
6037,6.387136,2.44006,2,Adôgléta,215.4,Hlacômey,234.9,,0.083,intersection,residential,3,False,False,False,431.9,PLAUSIBLE_FRONTIER
2092,6.366784,2.406691,2,Gbégamey-Ahito,263.3,Cadjèhoun-Détinsa,289.0,,0.089,intersection,residential,4,False,False,False,,PLAUSIBLE_FRONTIER
3893,6.38073,2.389231,2,Sètôvi,181.1,Missogbé,278.6,,0.35,road_segment,residential,2,False,False,False,,PLAUSIBLE_FRONTIER
12960,6.355406,2.399403,2,Haie-Vive-Cocotiers,187.2,Cadjèhoun-Azalokogon,277.7,,0.326,road_segment,residential,2,False,False,False,,PLAUSIBLE_FRONTIER
31040,6.355806,2.399174,2,Haie-Vive-Cocotiers,182.1,Cadjèhoun-Azalokogon,272.7,,0.332,intersection,residential,3,False,False,False,,PLAUSIBLE_FRONTIER
3568,6.391229,2.348377,2,Yolomahouto,185.4,Hlouacomey,239.7,,0.227,intersection,residential,3,False,False,False,,PLAUSIBLE_FRONTIER
5777,6.357569,2.397263,2,Cadjèhoun-Azalokogon,225.7,Cadjèhoun-Agonga,275.9,,0.182,intersection,residential,3,False,False,False,,PLAUSIBLE_FRONTIER
29282,6.389699,2.342947,2,"Aïmèvo
",195.2,Salamey,255.9,,0.237,intersection,residential,4,False,False,False,,PLAUSIBLE_FRONTIER
33305,6.393137,2.343822,2,"Nonhouénou
",215.3,Salamey,222.1,,0.031,intersection,residential,3,False,False,False,,PLAUSIBLE_FRONTIER
32169,6.392789,2.344242,2,"Nonhouénou
",212.7,Salamey,278.0,,0.235,intersection,residential,3,False,False,False,,PLAUSIBLE_FRONTIER
3557,6.391227,2.347676,2,Yolomahouto,181.5,Hlouacomey,284.3,,0.362,road_segment,residential,2,False,False,False,,PLAUSIBLE_FRONTIER
3569,6.391627,2.348157,2,Hlouacomey,188.5,Yolomahouto,236.6,,0.203,road_segment,residential,2,False,False,False,,PLAUSIBLE_FRONTIER
5951,6.382267,2.457259,2,Ahouassa,236.2,Sènadé,274.0,,0.138,intersection,residential,4,False,False,False,,PLAUSIBLE_FRONTIER
31422,6.401802,2.339638,2,Godomey-Togoudo,188.2,"Djoukpa-Togoudo
",296.8,,0.366,intersection,residential,4,False,False,False,,PLAUSIBLE_FRONTIER
1458,6.36994,2.433477,3,Dantôkpa,210.3,Nouveau-Pont,242.4,Bocossi-Tokpa,0.132,intersection,primary,5,False,False,False,,MULTI_QUARTIER
4170,6.367436,2.418214,2,Sèhogan-Sikê,282.5,Yévèdo,284.5,,0.007,intersection,residential,4,False,False,False,,PLAUSIBLE_FRONTIER
1354,6.366527,2.476895,2,Finagnon,219.1,Dandji,274.4,,0.202,intersection,residential,3,False,False,False,,PLAUSIBLE_FRONTIER
3685,6.358593,2.43684,2,Guinkômey,240.9,Tokpa-Hoho,285.8,,0.157,intersection,residential,3,False,False,False,537.0,PLAUSIBLE_FRONTIER
577,6.358103,2.437086,2,Guinkômey,186.5,Tokpa-Hoho,231.4,,0.194,bridge,primary,2,False,True,True,540.1,ROAD_GRAPH_ARTIFACT
578,6.356299,2.438477,3,Guinkômey,223.5,Xwlacôdji-Kpodji,264.6,Tokpa-Hoho,0.155,intersection,primary,4,False,False,False,529.2,MULTI_QUARTIER
582,6.356666,2.438121,2,Guinkômey,190.1,Tokpa-Hoho,235.0,,0.191,road_segment,secondary,2,False,False,False,538.0,PLAUSIBLE_FRONTIER
26666,6.356483,2.437604,2,Guinkômey,225.8,Tokpa-Hoho,270.6,,0.166,road_segment,residential,2,False,False,False,596.6,PLAUSIBLE_FRONTIER
9075,6.40312,2.340358,2,Sèdomey,264.7,Godomey-Togoudo,267.5,,0.011,road_segment,residential,2,False,False,False,,PLAUSIBLE_FRONTIER
33420,6.379632,2.465797,2,Suru-Léré,243.7,Kowégbo,292.2,,0.166,intersection,residential,5,False,False,False,,PLAUSIBLE_FRONTIER
658,6.3552,2.43724,2,Xwlacôdji-Kpodji,196.5,Guinkômey,233.0,,0.157,intersection,primary,4,False,False,False,711.8,PLAUSIBLE_FRONTIER
81553,6.355411,2.43757,2,Xwlacôdji-Kpodji,200.7,Guinkômey,200.8,,0.001,intersection,primary,3,False,False,True,668.4,PLAUSIBLE_FRONTIER
32173,6.391679,2.348834,2,Hlouacomey,206.4,Yolomahouto,280.4,,0.264,intersection,residential,3,False,False,False,,PLAUSIBLE_FRONTIER
11848,6.372645,2.459727,2,Sodjatinmè-Est,279.9,Irédé,297.3,,0.059,intersection,residential,5,False,False,False,,PLAUSIBLE_FRONTIER
81546,6.35569,2.436941,2,Guinkômey,237.5,Xwlacôdji-Kpodji,292.5,,0.188,road_segment,service,2,False,False,False,707.5,PLAUSIBLE_FRONTIER
1459,6.369738,2.433079,2,Nouveau-Pont,211.3,Dantôkpa,257.3,,0.179,road_segment,primary,2,False,False,False,,PLAUSIBLE_FRONTIER
77001,6.368003,2.392441,2,Houénoussou,211.9,Houéyihô,216.2,,0.02,road_segment,residential,2,False,False,False,,PLAUSIBLE_FRONTIER
93889,6.364789,2.42323,2,Gbènan,216.8,Gbèdomidji,276.8,,0.217,endpoint,service,1,False,False,False,,ROAD_GRAPH_ARTIFACT
50857,6.403452,2.340618,2,Sèdomey,201.6,Godomey-Togoudo,253.5,,0.205,road_segment,residential,2,False,False,False,,PLAUSIBLE_FRONTIER
9036,6.403225,2.339555,2,"Djoukpa-Togoudo
",242.8,Godomey-Togoudo,284.2,,0.146,road_segment,residential,2,False,False,False,,PLAUSIBLE_FRONTIER
1478,6.374964,2.446895,2,Adjégounlè,250.3,Ayélawadjè,282.0,,0.113,intersection,residential,5,False,False,False,,PLAUSIBLE_FRONTIER
5855,6.356861,2.439229,2,Tokpa-Hoho,244.8,Guinkômey,274.1,,0.107,road_segment,tertiary,2,False,False,False,425.1,PLAUSIBLE_FRONTIER
10654,6.363642,2.383531,2,Aïbatin-Dodo,223.7,Aïbatin-Kpota,233.6,,0.043,intersection,residential,4,False,False,False,,PLAUSIBLE_FRONTIER
3892,6.38073,2.389422,2,Sètôvi,202.2,Missogbé,257.6,,0.215,road_segment,residential,2,False,False,False,,PLAUSIBLE_FRONTIER
31041,6.356094,2.399236,2,Haie-Vive-Cocotiers,206.5,Cadjèhoun-Azalokogon,297.1,,0.305,endpoint,service,1,False,False,False,,ROAD_GRAPH_ARTIFACT
32190,6.392159,2.344043,2,Salamey,204.3,"Nonhouénou
",286.4,,0.287,intersection,residential,3,False,False,False,,PLAUSIBLE_FRONTIER
5107,6.36075,2.433467,2,Avlékété-Joncquet,249.3,Missité,277.5,,0.102,intersection,residential,4,False,False,False,,PLAUSIBLE_FRONTIER
6095,6.387368,2.440082,2,Hlacômey,209.0,Adôgléta,241.2,,0.133,road_segment,residential,2,False,False,False,435.0,PLAUSIBLE_FRONTIER
3472,6.391454,2.34821,2,Hlouacomey,208.5,Yolomahouto,216.6,,0.037,intersection,residential,3,False,False,False,,PLAUSIBLE_FRONTIER
3532,6.391159,2.348847,2,Yolomahouto,220.6,Hlouacomey,268.3,,0.178,intersection,residential,4,False,False,False,,PLAUSIBLE_FRONTIER
3473,6.3916,2.348371,2,Hlouacomey,204.8,Yolomahouto,240.6,,0.149,road_segment,residential,2,False,False,False,,PLAUSIBLE_FRONTIER
28043,6.379575,2.372132,2,Ahogbohoué-Cité-De-l'Expérience,237.2,Agla-Petit-Château,261.2,,0.092,intersection,residential,3,False,False,False,,PLAUSIBLE_FRONTIER
1240,6.361016,2.437807,2,Tokpa-Hoho,258.1,Missèbô,269.1,,0.041,intersection,secondary,4,False,False,False,323.3,PLAUSIBLE_FRONTIER
83895,6.389983,2.442786,2,Hlacômey,216.6,Sègbèya-Nord,293.0,,0.261,road_segment,residential,2,False,False,False,743.0,PLAUSIBLE_FRONTIER
1287,6.372782,2.415327,2,Minonkpô-Wologuèdè,253.0,Énagnon-Sikê,281.6,,0.102,intersection,residential,4,False,False,False,,PLAUSIBLE_FRONTIER
12897,6.369309,2.400757,2,Vodjè-Kpota,250.7,Vodjè-Centre,282.0,,0.111,road_segment,secondary,2,False,False,True,,PLAUSIBLE_FRONTIER
337,6.37121,2.413338,2,Dagbédji-Sikê,284.2,Gbégamey-Gbagoudo,285.5,,0.005,intersection,primary,3,False,False,True,,PLAUSIBLE_FRONTIER
3898,6.380195,2.390033,2,Missogbé,245.3,Sètôvi,289.8,,0.153,intersection,residential,3,False,False,False,,PLAUSIBLE_FRONTIER
257,6.365878,2.428399,2,Sèdjro-Saint-Michel,208.8,Gbédokpo,288.1,,0.275,intersection,primary,4,False,False,True,,PLAUSIBLE_FRONTIER
45121,6.36577,2.42869,2,Sèdjro-Saint-Michel,220.6,Gbédokpo,253.8,,0.131,road_segment,tertiary,2,False,False,True,,PLAUSIBLE_FRONTIER
40606,6.371788,2.445405,2,Misséssin,248.1,Gbèdjèwin,289.0,,0.141,intersection,primary,3,False,False,True,891.4,PLAUSIBLE_FRONTIER
10878,6.363681,2.383255,2,Aïbatin-Kpota,208.6,Aïbatin-Dodo,248.7,,0.161,road_segment,residential,2,False,False,False,,PLAUSIBLE_FRONTIER
12202,6.355361,2.43843,2,Guinkômey,255.4,Xwlacôdji-Kpodji,296.6,,0.139,road_segment,residential,2,False,False,False,593.8,PLAUSIBLE_FRONTIER
48052,6.372269,2.454349,2,Fifatin,246.0,Irédé,294.5,,0.165,road_segment,residential,2,False,False,False,,PLAUSIBLE_FRONTIER
29283,6.389475,2.343274,2,"Aïmèvo
",233.9,Salamey,294.6,,0.206,road_segment,secondary,2,False,False,False,,PLAUSIBLE_FRONTIER
77645,6.368397,2.397247,2,Vodjè-Kpota,228.0,Houéyihô,292.1,,0.22,road_segment,residential,2,False,False,False,,PLAUSIBLE_FRONTIER
637,6.354991,2.436949,2,Xwlacôdji-Kpodji,229.0,Guinkômey,265.5,,0.137,road_segment,primary,2,False,False,False,,PLAUSIBLE_FRONTIER
4814,6.379436,2.426574,2,Aïdjèdo,266.2,Aïdjèdo-Vignon,274.7,,0.031,intersection,residential,4,False,False,False,,PLAUSIBLE_FRONTIER
1382,6.36884,2.396595,2,Vodjè-Kpota,223.7,Houéyihô,232.8,,0.039,intersection,secondary,3,False,False,True,,PLAUSIBLE_FRONTIER
1381,6.368942,2.396968,2,Vodjè-Kpota,234.2,Houéyihô,272.3,,0.14,intersection,secondary,3,False,False,True,,PLAUSIBLE_FRONTIER
83893,6.389833,2.443366,2,Sègbèya-Nord,250.1,Hlacômey,259.5,,0.036,intersection,residential,3,False,False,False,806.9,PLAUSIBLE_FRONTIER
77000,6.368237,2.3923,2,Houénoussou,234.1,Houéyihô,245.0,,0.045,intersection,residential,4,False,False,False,,PLAUSIBLE_FRONTIER
32186,6.391764,2.343996,2,Salamey,220.1,Yolomahouto,289.8,,0.24,road_segment,residential,2,False,False,False,,PLAUSIBLE_FRONTIER
46814,6.391438,2.429922,2,Ladji,240.8,Ahouansori-Towéta-Kpota,292.4,,0.176,intersection,residential,4,False,False,False,674.8,PLAUSIBLE_FRONTIER
40605,6.371779,2.445186,2,Misséssin,235.5,Gbénonkpô,290.5,,0.189,intersection,primary,4,False,False,False,867.2,PLAUSIBLE_FRONTIER
9074,6.4035,2.340345,2,Sèdomey,222.4,Godomey-Togoudo,274.3,,0.189,intersection,residential,3,False,False,False,,PLAUSIBLE_FRONTIER
6413,6.374381,2.451646,2,Fifatin,265.7,Ayélawadjè,290.3,,0.085,intersection,residential,4,False,False,False,,PLAUSIBLE_FRONTIER
77643,6.368265,2.39667,2,Houéyihô,226.7,Vodjè-Kpota,293.4,,0.227,road_segment,residential,2,False,False,False,,PLAUSIBLE_FRONTIER
649,6.354652,2.439784,2,Xwlacôdji-Plage,259.5,Xwlacôdji-Kpodji,278.6,,0.069,intersection,residential,5,False,False,False,,PLAUSIBLE_FRONTIER
32188,6.391665,2.344661,2,Yolomahouto,227.8,Salamey,282.1,,0.193,road_segment,residential,2,False,False,False,,PLAUSIBLE_FRONTIER
32193,6.392219,2.344815,2,Yolomahouto,239.5,Salamey,265.1,,0.096,intersection,residential,3,False,False,False,,PLAUSIBLE_FRONTIER
32191,6.392099,2.344373,2,Salamey,227.7,Yolomahouto,276.9,,0.178,road_segment,residential,2,False,False,False,,PLAUSIBLE_FRONTIER
84156,6.392378,2.34413,2,Salamey,230.5,"Nonhouénou
",260.1,,0.114,road_segment,secondary,2,False,False,False,,PLAUSIBLE_FRONTIER
3822,6.370034,2.433094,2,Nouveau-Pont,253.1,Dantôkpa,293.7,,0.138,bridge,footway,1,False,True,False,,ROAD_GRAPH_ARTIFACT
3698,6.383525,2.391586,2,Missogbé,223.0,Midédji,294.8,,0.243,road_segment,tertiary,2,False,False,False,,PLAUSIBLE_FRONTIER
11824,6.369977,2.453502,2,Sodjatinmè-Centre,229.3,Fifatin,253.1,,0.094,road_segment,tertiary,2,False,False,False,,PLAUSIBLE_FRONTIER
33317,6.394068,2.343647,2,"Nonhouénou
",259.9,Salamey,279.6,,0.07,road_segment,residential,2,False,False,False,,PLAUSIBLE_FRONTIER
6297,6.37979,2.444606,2,Sègbèya-Sud,276.2,Midombo,278.0,,0.006,intersection,residential,5,False,False,False,908.7,PLAUSIBLE_FRONTIER
218,6.371935,2.445185,2,Misséssin,252.9,Gbénonkpô,293.7,,0.139,intersection,primary,3,False,False,True,869.8,PLAUSIBLE_FRONTIER
47971,6.362319,2.443228,2,Abokicodji-Lagune,265.8,Akpakpa-Dodomè,271.3,,0.02,road_segment,service,2,False,False,False,281.5,PLAUSIBLE_FRONTIER
36149,6.379703,2.459395,2,Sènadé,236.0,Ahouassa,284.1,,0.169,intersection,residential,4,False,False,False,,PLAUSIBLE_FRONTIER
84155,6.392611,2.344207,2,"Nonhouénou
",232.8,Salamey,257.8,,0.097,road_segment,secondary,2,False,False,False,,PLAUSIBLE_FRONTIER
12882,6.369265,2.401098,2,Vodjè-Centre,244.0,Vodjè-Kpota,288.7,,0.155,intersection,residential,3,False,False,True,,PLAUSIBLE_FRONTIER
5008,6.367063,2.387119,2,Gbèdégbé,261.8,Missité,264.9,,0.012,intersection,residential,3,False,False,False,,PLAUSIBLE_FRONTIER
4174,6.370998,2.41882,2,Énagnon-Sikê,250.5,Sèhogan-Sikê,283.3,,0.116,intersection,residential,3,False,False,False,,PLAUSIBLE_FRONTIER
83894,6.389974,2.442985,2,Hlacômey,233.3,Sègbèya-Nord,276.4,,0.156,road_segment,residential,2,False,False,False,765.2,PLAUSIBLE_FRONTIER
3699,6.383778,2.391706,2,Missogbé,249.6,Midédji,268.1,,0.069,intersection,residential,4,False,False,False,,PLAUSIBLE_FRONTIER
1372,6.369464,2.400843,2,Vodjè-Kpota,265.5,Vodjè-Centre,273.2,,0.028,road_segment,secondary,2,False,False,True,,PLAUSIBLE_FRONTIER
32187,6.391649,2.3444,2,Yolomahouto,243.4,Salamey,266.5,,0.087,road_segment,residential,2,False,False,False,,PLAUSIBLE_FRONTIER
33421,6.380128,2.46585,2,Kowégbo,237.5,Suru-Léré,298.3,,0.204,road_segment,tertiary,2,False,False,False,,PLAUSIBLE_FRONTIER
5856,6.356581,2.438923,3,Guinkômey,249.8,Tokpa-Hoho,269.2,Xwlacôdji-Kpodji,0.072,road_segment,tertiary,2,False,False,False,470.8,MULTI_QUARTIER
91182,6.369152,2.396979,2,Vodjè-Kpota,257.6,Houéyihô,282.8,,0.089,road_segment,tertiary,2,False,False,True,,PLAUSIBLE_FRONTIER
10653,6.364141,2.383693,3,Aïbatin-Dodo,282.0,Gbèdégbé,291.0,Aïbatin-Kpota,0.031,intersection,residential,3,False,False,False,,MULTI_QUARTIER
1512,6.371307,2.414414,2,Énagnon-Sikê,251.9,Dagbédji-Sikê,289.3,,0.129,intersection,residential,4,False,False,False,,PLAUSIBLE_FRONTIER
77644,6.368333,2.396987,2,Vodjè-Kpota,257.6,Houéyihô,262.5,,0.019,road_segment,residential,2,False,False,False,,PLAUSIBLE_FRONTIER
32192,6.392152,2.344662,2,Salamey,246.7,Yolomahouto,257.9,,0.044,road_segment,residential,2,False,False,False,,PLAUSIBLE_FRONTIER
11823,6.370083,2.453677,2,Sodjatinmè-Centre,251.9,Fifatin,275.7,,0.086,road_segment,tertiary,2,False,False,False,,PLAUSIBLE_FRONTIER
4959,6.379756,2.38725,2,Sètôvi,275.8,Védokô,293.4,,0.06,intersection,residential,3,False,False,False,,PLAUSIBLE_FRONTIER
77008,6.368273,2.392502,2,Houénoussou,251.8,Houéyihô,262.7,,0.042,road_segment,residential,2,False,False,False,,PLAUSIBLE_FRONTIER
12925,6.368649,2.392108,2,Houénoussou,269.5,Houéyihô,294.4,,0.084,intersection,residential,3,False,False,False,,PLAUSIBLE_FRONTIER
5582,6.369101,2.397141,2,Vodjè-Kpota,252.5,Houéyihô,290.6,,0.131,road_segment,tertiary,2,False,False,True,,PLAUSIBLE_FRONTIER
5419,6.389394,2.383239,2,Zogbohouè,268.1,Agounvocôdji,284.1,,0.056,road_segment,tertiary,2,False,False,False,,PLAUSIBLE_FRONTIER
3510,6.394138,2.347135,2,"Nonhouénou
",278.4,Hlouacomey,290.2,,0.041,road_segment,residential,2,False,False,False,,PLAUSIBLE_FRONTIER
49223,6.420048,2.309296,2,Tankpè-Togoudo,261.6,"Maria-Gléta
",286.5,,0.087,intersection,residential,3,False,False,False,,PLAUSIBLE_FRONTIER
77007,6.36834,2.392714,2,Houénoussou,276.3,Houéyihô,287.2,,0.038,road_segment,residential,2,False,False,False,,PLAUSIBLE_FRONTIER
9033,6.403641,2.339758,2,Sèdomey,280.4,"Djoukpa-Togoudo
",294.6,,0.048,road_segment,residential,2,False,False,False,,PLAUSIBLE_FRONTIER
1239,6.360925,2.437693,2,Tokpa-Hoho,274.3,Missèbô,285.3,,0.039,road_segment,tertiary,2,False,False,False,339.2,PLAUSIBLE_FRONTIER
9034,6.403497,2.339664,2,"Djoukpa-Togoudo
",275.5,Sèdomey,299.5,,0.08,road_segment,residential,2,False,False,False,,PLAUSIBLE_FRONTIER
