qa,qb,name_a,arr_a,name_b,arr_b,n_collisions,shape,extent_m,az_deg,centroid_lat,centroid_lng,median_d_a_m,median_d_b_m,asymmetry_median,highway_types,density_per_100m
172,193,Misséssin,4ème Arrondissement,Gbénonkpô,3ème Arrondissement,2,intersection,34.7,124.2,6.371947,2.442415,189.0,11.9,0.937,primary|residential|secondary|tertiary,5.77
172,193,Misséssin,4ème Arrondissement,Gbénonkpô,3ème Arrondissement,2,intersection,17.0,-155.6,6.371848,2.444411,231.7,206.5,0.109,primary|residential,11.74
172,193,Misséssin,4ème Arrondissement,Gbénonkpô,3ème Arrondissement,7,linear_corridor,152.0,-176.6,6.370702,2.442838,137.6,112.8,0.181,residential|secondary|tertiary,4.61
172,193,Misséssin,4ème Arrondissement,Gbénonkpô,3ème Arrondissement,2,linear_corridor,55.2,171.9,6.372826,2.442377,265.0,87.8,0.668,residential|secondary,3.62
172,193,Misséssin,4ème Arrondissement,Gbénonkpô,3ème Arrondissement,1,point,0.0,,6.370426,2.443627,0.0,177.1,1.0,residential|tertiary,
172,193,Misséssin,4ème Arrondissement,Gbénonkpô,3ème Arrondissement,1,point,0.0,,6.369937,2.444023,69.8,246.9,0.717,residential|tertiary,
172,193,Misséssin,4ème Arrondissement,Gbénonkpô,3ème Arrondissement,1,point,0.0,,6.372035,2.44153,284.3,107.2,0.623,residential,
172,193,Misséssin,4ème Arrondissement,Gbénonkpô,3ème Arrondissement,1,point,0.0,,6.369273,2.442707,174.3,249.1,0.3,residential|secondary,
172,193,Misséssin,4ème Arrondissement,Gbénonkpô,3ème Arrondissement,2,intersection,17.4,179.5,6.371857,2.445186,244.2,292.1,0.164,primary|residential,11.49
98,154,Gbèdomidji,7ème Arrondissement,Mifongou,5ème Arrondissement,2,intersection,15.7,139.6,6.362218,2.423685,223.1,253.5,0.12,primary|secondary|tertiary,12.75
98,154,Gbèdomidji,7ème Arrondissement,Mifongou,5ème Arrondissement,1,point,0.0,,6.365148,2.424147,242.1,212.8,0.121,residential,
98,163,Gbèdomidji,7ème Arrondissement,Gbéto,5ème Arrondissement,2,intersection,15.7,139.6,6.362218,2.423685,223.1,288.2,0.226,primary|secondary|tertiary,12.75
154,163,Mifongou,5ème Arrondissement,Gbéto,5ème Arrondissement,2,intersection,15.7,139.6,6.362218,2.423685,253.5,288.2,0.12,primary|secondary|tertiary,12.75
154,163,Mifongou,5ème Arrondissement,Gbéto,5ème Arrondissement,1,point,0.0,,6.361828,2.425381,293.2,256.7,0.124,residential,
6,206,Nouveau-Pont,5ème Arrondissement,Sèdjro-Saint-Michel,7ème Arrondissement,4,linear_corridor,54.6,55.5,6.367125,2.429909,266.7,16.1,0.94,primary,7.33
6,206,Nouveau-Pont,5ème Arrondissement,Sèdjro-Saint-Michel,7ème Arrondissement,2,intersection,18.3,142.3,6.368605,2.431753,9.1,267.4,0.966,primary|secondary,10.95
6,206,Nouveau-Pont,5ème Arrondissement,Sèdjro-Saint-Michel,7ème Arrondissement,1,point,0.0,,6.368189,2.430065,260.4,170.6,0.345,residential,
235,291,Houéyihô,11ème Arrondissement,Vodjè-Kpota,12ème Arrondissement,9,intersection,102.1,-172.1,6.368722,2.396859,262.5,248.2,0.054,residential|secondary|tertiary,8.81
155,215,Gbégamey-Gbagoudo,11ème Arrondissement,Dagbédji-Sikê,7ème Arrondissement,1,point,0.0,,6.371438,2.409925,0.0,203.2,1.0,primary|residential|secondary|trunk,
155,215,Gbégamey-Gbagoudo,11ème Arrondissement,Dagbédji-Sikê,7ème Arrondissement,2,intersection,19.9,54.6,6.371309,2.411553,91.3,283.0,0.677,primary|residential,10.03
155,215,Gbégamey-Gbagoudo,11ème Arrondissement,Dagbédji-Sikê,7ème Arrondissement,3,linear_corridor,60.0,128.1,6.370419,2.410993,71.2,161.6,0.559,residential|trunk,5.0
155,215,Gbégamey-Gbagoudo,11ème Arrondissement,Dagbédji-Sikê,7ème Arrondissement,1,point,0.0,,6.370211,2.408312,94.3,297.5,0.683,secondary,
155,215,Gbégamey-Gbagoudo,11ème Arrondissement,Dagbédji-Sikê,7ème Arrondissement,1,point,0.0,,6.371308,2.410842,16.3,219.5,0.926,primary,
155,215,Gbégamey-Gbagoudo,11ème Arrondissement,Dagbédji-Sikê,7ème Arrondissement,1,point,0.0,,6.370898,2.408928,17.7,220.8,0.92,secondary,
155,215,Gbégamey-Gbagoudo,11ème Arrondissement,Dagbédji-Sikê,7ème Arrondissement,1,point,0.0,,6.372281,2.408773,64.2,267.4,0.76,residential,
155,215,Gbégamey-Gbagoudo,11ème Arrondissement,Dagbédji-Sikê,7ème Arrondissement,2,intersection,34.2,53.1,6.369521,2.412127,208.5,17.1,0.918,residential|trunk,5.84
155,215,Gbégamey-Gbagoudo,11ème Arrondissement,Dagbédji-Sikê,7ème Arrondissement,1,point,0.0,,6.369094,2.412556,268.3,66.8,0.751,residential|trunk,
155,215,Gbégamey-Gbagoudo,11ème Arrondissement,Dagbédji-Sikê,7ème Arrondissement,2,intersection,30.5,58.2,6.369886,2.411643,147.2,81.1,0.449,residential|trunk,6.55
155,215,Gbégamey-Gbagoudo,11ème Arrondissement,Dagbédji-Sikê,7ème Arrondissement,2,intersection,18.9,51.7,6.371157,2.413271,282.0,274.8,0.025,primary|residential,10.6
155,215,Gbégamey-Gbagoudo,11ème Arrondissement,Dagbédji-Sikê,7ème Arrondissement,2,intersection,19.5,53.2,6.371234,2.412415,186.9,286.9,0.348,primary|residential,10.24
155,215,Gbégamey-Gbagoudo,11ème Arrondissement,Dagbédji-Sikê,7ème Arrondissement,1,point,0.0,,6.369533,2.410209,210.3,281.7,0.253,residential,
118,155,Vodjè-Allobatin,11ème Arrondissement,Gbégamey-Gbagoudo,11ème Arrondissement,1,point,0.0,,6.371438,2.409925,291.0,0.0,1.0,primary|residential|secondary|trunk,
118,155,Vodjè-Allobatin,11ème Arrondissement,Gbégamey-Gbagoudo,11ème Arrondissement,1,point,0.0,,6.369488,2.408276,197.8,183.7,0.071,residential,
118,155,Vodjè-Allobatin,11ème Arrondissement,Gbégamey-Gbagoudo,11ème Arrondissement,3,linear_corridor,54.8,62.6,6.37006,2.408029,162.4,146.8,0.096,residential|secondary,5.47
118,155,Vodjè-Allobatin,11ème Arrondissement,Gbégamey-Gbagoudo,11ème Arrondissement,1,point,0.0,,6.370772,2.407807,277.2,160.4,0.421,residential,
118,155,Vodjè-Allobatin,11ème Arrondissement,Gbégamey-Gbagoudo,11ème Arrondissement,1,point,0.0,,6.369107,2.406921,0.0,291.0,1.0,secondary|unclassified,
118,155,Vodjè-Allobatin,11ème Arrondissement,Gbégamey-Gbagoudo,11ème Arrondissement,1,point,0.0,,6.369016,2.408646,264.3,250.2,0.053,residential,
118,215,Vodjè-Allobatin,11ème Arrondissement,Dagbédji-Sikê,7ème Arrondissement,1,point,0.0,,6.371438,2.409925,291.0,203.2,0.302,primary|residential|secondary|trunk,
118,215,Vodjè-Allobatin,11ème Arrondissement,Dagbédji-Sikê,7ème Arrondissement,1,point,0.0,,6.370211,2.408312,196.7,297.5,0.339,secondary,
131,155,Gbégamey-Dodo-Ayidjè,11ème Arrondissement,Gbégamey-Gbagoudo,11ème Arrondissement,1,point,0.0,,6.369488,2.408276,262.4,183.7,0.3,residential,
131,155,Gbégamey-Dodo-Ayidjè,11ème Arrondissement,Gbégamey-Gbagoudo,11ème Arrondissement,1,point,0.0,,6.369016,2.408646,195.9,250.2,0.217,residential,
118,131,Vodjè-Allobatin,11ème Arrondissement,Gbégamey-Dodo-Ayidjè,11ème Arrondissement,1,point,0.0,,6.369488,2.408276,197.8,262.4,0.246,residential,
118,131,Vodjè-Allobatin,11ème Arrondissement,Gbégamey-Dodo-Ayidjè,11ème Arrondissement,1,point,0.0,,6.367314,2.408346,254.4,210.4,0.173,residential|unclassified,
118,131,Vodjè-Allobatin,11ème Arrondissement,Gbégamey-Dodo-Ayidjè,11ème Arrondissement,1,point,0.0,,6.369016,2.408646,264.3,195.9,0.259,residential,
118,131,Vodjè-Allobatin,11ème Arrondissement,Gbégamey-Dodo-Ayidjè,11ème Arrondissement,1,point,0.0,,6.367799,2.408015,189.3,270.9,0.301,residential|unclassified,
118,131,Vodjè-Allobatin,11ème Arrondissement,Gbégamey-Dodo-Ayidjè,11ème Arrondissement,1,point,0.0,,6.368195,2.40852,260.4,199.8,0.233,residential,
155,166,Gbégamey-Gbagoudo,11ème Arrondissement,Agbondjèdo,8ème Arrondissement,1,point,0.0,,6.373166,2.410862,133.4,254.3,0.475,residential,
155,166,Gbégamey-Gbagoudo,11ème Arrondissement,Agbondjèdo,8ème Arrondissement,3,linear_corridor,100.3,133.8,6.373977,2.410159,257.1,173.1,0.327,residential|service,2.99
155,166,Gbégamey-Gbagoudo,11ème Arrondissement,Agbondjèdo,8ème Arrondissement,1,point,0.0,,6.372674,2.408313,131.7,271.4,0.515,residential,
155,166,Gbégamey-Gbagoudo,11ème Arrondissement,Agbondjèdo,8ème Arrondissement,1,point,0.0,,6.373714,2.408768,272.3,130.8,0.52,residential|service,
155,166,Gbégamey-Gbagoudo,11ème Arrondissement,Agbondjèdo,8ème Arrondissement,1,point,0.0,,6.373152,2.408973,210.4,192.6,0.085,residential,
10,155,Minonkpô-Wologuèdè,8ème Arrondissement,Gbégamey-Gbagoudo,11ème Arrondissement,1,point,0.0,,6.373631,2.41257,183.1,287.6,0.363,residential|secondary,
10,34,Minonkpô-Wologuèdè,8ème Arrondissement,Missité-Sikê,7ème Arrondissement,1,point,0.0,,6.375688,2.4151,178.0,299.1,0.405,residential|secondary,
54,128,Gbèdjromèdè,6ème Arrondissement,Aïdjèdo-Ahito,6ème Arrondissement,2,linear_corridor,55.5,-145.8,6.379243,2.420522,50.1,258.8,0.806,residential|secondary|tertiary,3.61
54,128,Gbèdjromèdè,6ème Arrondissement,Aïdjèdo-Ahito,6ème Arrondissement,2,intersection,31.0,51.8,6.377773,2.421639,256.5,74.9,0.708,residential|secondary,6.46
54,128,Gbèdjromèdè,6ème Arrondissement,Aïdjèdo-Ahito,6ème Arrondissement,3,intersection,38.3,53.2,6.378672,2.420873,116.5,194.9,0.403,residential|secondary,7.82
54,128,Gbèdjromèdè,6ème Arrondissement,Aïdjèdo-Ahito,6ème Arrondissement,2,intersection,15.1,51.4,6.37815,2.421165,180.4,128.5,0.288,residential|secondary,13.28
54,128,Gbèdjromèdè,6ème Arrondissement,Aïdjèdo-Ahito,6ème Arrondissement,1,point,0.0,,6.377186,2.419922,275.4,295.4,0.068,residential,
34,54,Missité-Sikê,7ème Arrondissement,Gbèdjromèdè,6ème Arrondissement,2,intersection,21.0,131.3,6.378405,2.418623,202.3,183.7,0.092,residential|secondary,9.54
34,54,Missité-Sikê,7ème Arrondissement,Gbèdjromèdè,6ème Arrondissement,1,point,0.0,,6.378979,2.418156,263.6,256.5,0.027,residential,
104,109,Aïdjèdo,6ème Arrondissement,Ahouansouri-Agata,6ème Arrondissement,1,point,0.0,,6.382155,2.424365,287.5,38.0,0.868,residential|secondary,
104,109,Aïdjèdo,6ème Arrondissement,Ahouansouri-Agata,6ème Arrondissement,1,point,0.0,,6.380239,2.424761,70.7,254.7,0.722,residential|secondary,
104,109,Aïdjèdo,6ème Arrondissement,Ahouansouri-Agata,6ème Arrondissement,1,point,0.0,,6.381581,2.424519,222.3,103.2,0.536,residential|secondary,
104,109,Aïdjèdo,6ème Arrondissement,Ahouansouri-Agata,6ème Arrondissement,1,point,0.0,,6.380909,2.424636,146.5,179.0,0.182,residential|secondary,
104,109,Aïdjèdo,6ème Arrondissement,Ahouansouri-Agata,6ème Arrondissement,1,point,0.0,,6.381273,2.425094,211.2,243.7,0.133,residential,
171,196,Jéricho-Nord,6ème Arrondissement,Aïdjèdo-Vignon,6ème Arrondissement,1,point,0.0,,6.375732,2.42607,54.6,299.0,0.817,residential,
171,196,Jéricho-Nord,6ème Arrondissement,Aïdjèdo-Vignon,6ème Arrondissement,1,point,0.0,,6.376906,2.427371,248.4,105.2,0.577,residential,
171,196,Jéricho-Nord,6ème Arrondissement,Aïdjèdo-Vignon,6ème Arrondissement,1,point,0.0,,6.376237,2.426531,129.4,224.2,0.423,residential,
171,196,Jéricho-Nord,6ème Arrondissement,Aïdjèdo-Vignon,6ème Arrondissement,1,point,0.0,,6.377709,2.42634,299.4,279.5,0.066,residential,
218,227,Gbégamey-Mifongou,11ème Arrondissement,Gbégamey-Centre,11ème Arrondissement,5,linear_corridor,84.7,-167.6,6.362441,2.411322,272.3,109.0,0.6,residential,5.9
218,227,Gbégamey-Mifongou,11ème Arrondissement,Gbégamey-Centre,11ème Arrondissement,1,point,0.0,,6.361717,2.410464,145.3,220.4,0.34,residential,
131,147,Gbégamey-Dodo-Ayidjè,11ème Arrondissement,Gbégamey-Ahito,11ème Arrondissement,2,intersection,45.9,52.2,6.366021,2.409598,250.5,198.8,0.206,residential|unclassified,4.36
131,147,Gbégamey-Dodo-Ayidjè,11ème Arrondissement,Gbégamey-Ahito,11ème Arrondissement,1,point,0.0,,6.36637,2.409061,206.6,242.9,0.149,residential|unclassified,
17,260,Akpakpa-Dodomè,4ème Arrondissement,Ohé,4ème Arrondissement,14,linear_corridor,202.6,73.4,6.362772,2.446535,250.0,56.0,0.776,residential|secondary|service|tertiary|trunk|unclassified,6.91
17,260,Akpakpa-Dodomè,4ème Arrondissement,Ohé,4ème Arrondissement,6,linear_corridor,100.3,146.0,6.361411,2.444556,63.2,249.8,0.747,secondary|service|trunk,5.98
17,260,Akpakpa-Dodomè,4ème Arrondissement,Ohé,4ème Arrondissement,1,point,0.0,,6.363563,2.447855,276.3,39.1,0.858,trunk,
17,260,Akpakpa-Dodomè,4ème Arrondissement,Ohé,4ème Arrondissement,1,point,0.0,,6.363885,2.446848,278.6,41.4,0.851,residential|secondary,
17,260,Akpakpa-Dodomè,4ème Arrondissement,Ohé,4ème Arrondissement,1,point,0.0,,6.361602,2.445721,268.4,178.3,0.336,tertiary,
17,260,Akpakpa-Dodomè,4ème Arrondissement,Ohé,4ème Arrondissement,1,point,0.0,,6.36169,2.446707,267.0,73.1,0.726,service,
202,260,Abokicodji-Centre,4ème Arrondissement,Ohé,4ème Arrondissement,3,intersection,61.8,79.7,6.363231,2.446863,288.3,15.2,0.947,residential|secondary|tertiary|trunk|unclassified,4.85
202,260,Abokicodji-Centre,4ème Arrondissement,Ohé,4ème Arrondissement,1,point,0.0,,6.36391,2.446068,276.7,79.4,0.713,residential|service,
202,260,Abokicodji-Centre,4ème Arrondissement,Ohé,4ème Arrondissement,1,point,0.0,,6.366299,2.446826,0.0,288.3,1.0,residential|secondary|tertiary,
202,260,Abokicodji-Centre,4ème Arrondissement,Ohé,4ème Arrondissement,3,linear_corridor,83.6,174.8,6.36508,2.44668,139.0,172.3,0.194,residential|secondary,3.59
202,260,Abokicodji-Centre,4ème Arrondissement,Ohé,4ème Arrondissement,1,point,0.0,,6.363563,2.447855,297.0,39.1,0.868,trunk,
202,260,Abokicodji-Centre,4ème Arrondissement,Ohé,4ème Arrondissement,1,point,0.0,,6.364378,2.448505,283.1,168.7,0.404,residential|unclassified,
202,260,Abokicodji-Centre,4ème Arrondissement,Ohé,4ème Arrondissement,1,point,0.0,,6.363885,2.446848,259.1,41.4,0.84,residential|secondary,
202,260,Abokicodji-Centre,4ème Arrondissement,Ohé,4ème Arrondissement,1,point,0.0,,6.364859,2.448125,215.1,219.3,0.019,residential,
202,260,Abokicodji-Centre,4ème Arrondissement,Ohé,4ème Arrondissement,3,linear_corridor,78.3,140.9,6.364695,2.445428,258.6,174.6,0.325,residential|service|tertiary,3.83
202,260,Abokicodji-Centre,4ème Arrondissement,Ohé,4ème Arrondissement,1,point,0.0,,6.365345,2.44774,146.4,240.9,0.392,residential,
17,202,Akpakpa-Dodomè,4ème Arrondissement,Abokicodji-Centre,4ème Arrondissement,3,intersection,61.8,79.7,6.363231,2.446863,249.1,288.3,0.136,residential|secondary|tertiary|trunk|unclassified,4.85
17,202,Akpakpa-Dodomè,4ème Arrondissement,Abokicodji-Centre,4ème Arrondissement,1,point,0.0,,6.363563,2.447855,276.3,297.0,0.069,trunk,
17,202,Akpakpa-Dodomè,4ème Arrondissement,Abokicodji-Centre,4ème Arrondissement,1,point,0.0,,6.363885,2.446848,278.6,259.1,0.07,residential|secondary,
52,257,Tokpa-Hoho,5ème Arrondissement,Guinkômey,5ème Arrondissement,9,linear_corridor,206.8,51.4,6.3584,2.438883,77.0,189.7,0.594,residential|secondary|trunk,4.35
52,257,Tokpa-Hoho,5ème Arrondissement,Guinkômey,5ème Arrondissement,7,bridge,0.0,,6.356855,2.438341,235.0,190.1,0.191,primary|residential|secondary|tertiary|trunk,
52,257,Tokpa-Hoho,5ème Arrondissement,Guinkômey,5ème Arrondissement,1,point,0.0,,6.35645,2.436167,261.6,0.0,1.0,service|trunk,
52,257,Tokpa-Hoho,5ème Arrondissement,Guinkômey,5ème Arrondissement,3,linear_corridor,58.1,141.0,6.356582,2.436781,247.1,49.5,0.8,service|tertiary|trunk,5.17
52,257,Tokpa-Hoho,5ème Arrondissement,Guinkômey,5ème Arrondissement,2,intersection,20.5,59.7,6.357198,2.43618,286.6,82.0,0.714,residential|tertiary,9.75
52,257,Tokpa-Hoho,5ème Arrondissement,Guinkômey,5ème Arrondissement,2,bridge,0.0,,6.358093,2.437167,222.3,177.4,0.202,primary|residential|secondary,
52,257,Tokpa-Hoho,5ème Arrondissement,Guinkômey,5ème Arrondissement,1,point,0.0,,6.358593,2.43684,285.8,240.9,0.157,residential|secondary,
52,257,Tokpa-Hoho,5ème Arrondissement,Guinkômey,5ème Arrondissement,1,point,0.0,,6.356483,2.437604,270.6,225.8,0.166,residential,
212,240,Gbédokpo,5ème Arrondissement,Missité,5ème Arrondissement,3,intersection,23.9,102.2,6.361929,2.431703,297.6,17.3,0.942,secondary|tertiary,12.55
212,240,Gbédokpo,5ème Arrondissement,Missité,5ème Arrondissement,2,intersection,17.2,52.9,6.363453,2.430454,77.9,232.7,0.665,residential|tertiary,11.66
212,240,Gbédokpo,5ème Arrondissement,Missité,5ème Arrondissement,2,intersection,16.0,52.5,6.362445,2.431259,220.4,89.6,0.593,residential|tertiary,12.52
212,240,Gbédokpo,5ème Arrondissement,Missité,5ème Arrondissement,2,intersection,16.2,51.6,6.362933,2.430867,150.9,159.1,0.052,residential|tertiary,12.34
198,240,Dota,5ème Arrondissement,Missité,5ème Arrondissement,1,point,0.0,,6.36083,2.430311,179.8,186.0,0.034,residential|secondary,
198,240,Dota,5ème Arrondissement,Missité,5ème Arrondissement,2,intersection,28.1,-155.7,6.360345,2.42971,94.4,271.6,0.652,secondary,7.12
198,240,Dota,5ème Arrondissement,Missité,5ème Arrondissement,1,point,0.0,,6.360249,2.43079,256.7,256.4,0.001,residential,
198,240,Dota,5ème Arrondissement,Missité,5ème Arrondissement,1,point,0.0,,6.361364,2.429886,248.8,255.0,0.024,residential,
198,244,Dota,5ème Arrondissement,Avlékété-Joncquet,5ème Arrondissement,1,point,0.0,,6.36083,2.430311,179.8,214.0,0.16,residential|secondary,
198,244,Dota,5ème Arrondissement,Avlékété-Joncquet,5ème Arrondissement,1,point,0.0,,6.36046,2.429762,106.9,286.9,0.628,secondary,
198,244,Dota,5ème Arrondissement,Avlékété-Joncquet,5ème Arrondissement,1,point,0.0,,6.358282,2.430262,212.5,183.8,0.135,residential|tertiary,
198,244,Dota,5ème Arrondissement,Avlékété-Joncquet,5ème Arrondissement,1,point,0.0,,6.357837,2.430617,275.6,247.0,0.104,tertiary,
198,244,Dota,5ème Arrondissement,Avlékété-Joncquet,5ème Arrondissement,1,point,0.0,,6.360249,2.43079,256.7,137.1,0.466,residential,
198,244,Dota,5ème Arrondissement,Avlékété-Joncquet,5ème Arrondissement,1,point,0.0,,6.35874,2.429898,147.5,248.7,0.407,residential|tertiary,
198,244,Dota,5ème Arrondissement,Avlékété-Joncquet,5ème Arrondissement,1,point,0.0,,6.361364,2.429886,248.8,283.0,0.121,residential,
240,244,Missité,5ème Arrondissement,Avlékété-Joncquet,5ème Arrondissement,1,point,0.0,,6.36083,2.430311,186.0,214.0,0.131,residential|secondary,
240,244,Missité,5ème Arrondissement,Avlékété-Joncquet,5ème Arrondissement,1,point,0.0,,6.36046,2.429762,258.9,286.9,0.097,secondary,
240,244,Missité,5ème Arrondissement,Avlékété-Joncquet,5ème Arrondissement,1,point,0.0,,6.360347,2.432943,211.8,183.6,0.133,residential|tertiary,
240,244,Missité,5ème Arrondissement,Avlékété-Joncquet,5ème Arrondissement,1,point,0.0,,6.360249,2.43079,256.4,137.1,0.465,residential,
240,244,Missité,5ème Arrondissement,Avlékété-Joncquet,5ème Arrondissement,2,intersection,15.2,51.2,6.360827,2.432559,151.3,251.3,0.398,residential|tertiary,13.18
240,244,Missité,5ème Arrondissement,Avlékété-Joncquet,5ème Arrondissement,1,point,0.0,,6.361364,2.429886,255.0,283.0,0.099,residential,
240,244,Missité,5ème Arrondissement,Avlékété-Joncquet,5ème Arrondissement,1,point,0.0,,6.359886,2.433314,277.5,246.6,0.111,tertiary,
240,244,Missité,5ème Arrondissement,Avlékété-Joncquet,5ème Arrondissement,1,point,0.0,,6.36075,2.433467,277.5,249.3,0.102,residential,
255,283,Énagnon-Sikê,7ème Arrondissement,Sèhogan-Sikê,7ème Arrondissement,4,linear_corridor,100.7,141.7,6.369595,2.41783,197.3,43.1,0.781,residential|secondary|unclassified,3.97
255,283,Énagnon-Sikê,7ème Arrondissement,Sèhogan-Sikê,7ème Arrondissement,2,intersection,17.4,68.3,6.370857,2.416744,10.9,229.6,0.953,primary|residential|secondary,11.52
255,283,Énagnon-Sikê,7ème Arrondissement,Sèhogan-Sikê,7ème Arrondissement,3,linear_corridor,71.4,50.5,6.37068,2.417455,97.4,221.2,0.56,primary|residential|secondary,4.2
255,283,Énagnon-Sikê,7ème Arrondissement,Sèhogan-Sikê,7ème Arrondissement,1,point,0.0,,6.37141,2.416396,88.6,285.5,0.69,residential|secondary,
255,283,Énagnon-Sikê,7ème Arrondissement,Sèhogan-Sikê,7ème Arrondissement,3,linear_corridor,56.9,51.6,6.370826,2.418603,215.6,248.4,0.132,primary|residential,5.27
255,283,Énagnon-Sikê,7ème Arrondissement,Sèhogan-Sikê,7ème Arrondissement,1,point,0.0,,6.368988,2.416236,294.2,281.0,0.045,residential,
5,283,Yévèdo,7ème Arrondissement,Sèhogan-Sikê,7ème Arrondissement,1,point,0.0,,6.368675,2.41856,252.8,83.5,0.669,residential|secondary,
5,283,Yévèdo,7ème Arrondissement,Sèhogan-Sikê,7ème Arrondissement,1,point,0.0,,6.36748,2.419508,83.6,252.7,0.669,residential|secondary,
5,283,Yévèdo,7ème Arrondissement,Sèhogan-Sikê,7ème Arrondissement,1,point,0.0,,6.368085,2.419028,169.2,167.1,0.012,residential|secondary,
5,283,Yévèdo,7ème Arrondissement,Sèhogan-Sikê,7ème Arrondissement,1,point,0.0,,6.367436,2.418214,284.5,282.5,0.007,residential,
5,97,Yévèdo,7ème Arrondissement,Gbènan,7ème Arrondissement,1,point,0.0,,6.36826,2.421703,244.3,272.0,0.102,residential,
5,97,Yévèdo,7ème Arrondissement,Gbènan,7ème Arrondissement,2,intersection,22.1,138.4,6.365043,2.421434,261.1,254.0,0.027,residential|secondary,9.06
32,98,Todoté,7ème Arrondissement,Gbèdomidji,7ème Arrondissement,1,point,0.0,,6.362325,2.420587,169.7,261.2,0.35,residential|trunk,
32,98,Todoté,7ème Arrondissement,Gbèdomidji,7ème Arrondissement,1,point,0.0,,6.364283,2.420648,164.4,287.6,0.429,residential,
32,98,Todoté,7ème Arrondissement,Gbèdomidji,7ème Arrondissement,1,point,0.0,,6.362016,2.421256,261.7,294.8,0.112,residential|service,
32,98,Todoté,7ème Arrondissement,Gbèdomidji,7ème Arrondissement,1,point,0.0,,6.364968,2.4215,285.5,166.4,0.417,residential|secondary,
97,154,Gbènan,7ème Arrondissement,Mifongou,5ème Arrondissement,1,point,0.0,,6.365148,2.424147,167.0,212.8,0.215,residential,
97,154,Gbènan,7ème Arrondissement,Mifongou,5ème Arrondissement,1,point,0.0,,6.365753,2.423672,81.7,298.1,0.726,residential,
97,154,Gbènan,7ème Arrondissement,Mifongou,5ème Arrondissement,1,point,0.0,,6.364624,2.424559,240.9,138.9,0.423,residential,
97,98,Gbènan,7ème Arrondissement,Gbèdomidji,7ème Arrondissement,1,point,0.0,,6.365148,2.424147,167.0,242.1,0.31,residential,
97,98,Gbènan,7ème Arrondissement,Gbèdomidji,7ème Arrondissement,1,point,0.0,,6.365647,2.422356,122.0,287.5,0.576,residential,
97,98,Gbènan,7ème Arrondissement,Gbèdomidji,7ème Arrondissement,2,intersection,22.1,138.4,6.365043,2.421434,254.0,177.5,0.301,residential|secondary,9.06
97,98,Gbènan,7ème Arrondissement,Gbèdomidji,7ème Arrondissement,3,linear_corridor,54.1,138.5,6.36503,2.423025,201.7,234.8,0.141,residential|service,5.54
62,71,Vodjè-Centre,11ème Arrondissement,Cadjèhoun-Détinsa,12ème Arrondissement,6,intersection,97.7,121.8,6.367516,2.404061,169.6,68.6,0.596,residential|secondary,6.14
62,71,Vodjè-Centre,11ème Arrondissement,Cadjèhoun-Détinsa,12ème Arrondissement,2,intersection,33.7,56.2,6.366713,2.40474,271.2,60.5,0.777,residential|secondary,5.94
62,71,Vodjè-Centre,11ème Arrondissement,Cadjèhoun-Détinsa,12ème Arrondissement,16,linear_corridor,149.1,120.7,6.368688,2.403023,44.2,234.6,0.812,residential|secondary,10.73
71,118,Cadjèhoun-Détinsa,12ème Arrondissement,Vodjè-Allobatin,11ème Arrondissement,2,intersection,17.8,141.5,6.368178,2.405577,163.2,184.3,0.114,secondary,11.26
71,118,Cadjèhoun-Détinsa,12ème Arrondissement,Vodjè-Allobatin,11ème Arrondissement,1,point,0.0,,6.367682,2.405973,212.9,242.1,0.12,residential|secondary,
122,217,Agontinkon,8ème Arrondissement,Houéhoun,8ème Arrondissement,2,intersection,16.7,142.1,6.378472,2.408828,197.4,177.3,0.102,secondary,11.97
122,217,Agontinkon,8ème Arrondissement,Houéhoun,8ème Arrondissement,1,point,0.0,,6.377775,2.409206,245.4,269.2,0.088,residential,
215,273,Dagbédji-Sikê,7ème Arrondissement,Saint-Jean-Gbèdiga,11ème Arrondissement,1,point,0.0,,6.367916,2.413946,268.1,144.4,0.461,residential|trunk,
215,273,Dagbédji-Sikê,7ème Arrondissement,Saint-Jean-Gbèdiga,11ème Arrondissement,2,intersection,30.4,51.1,6.368712,2.41301,132.3,280.2,0.528,residential,6.58
215,273,Dagbédji-Sikê,7ème Arrondissement,Saint-Jean-Gbèdiga,11ème Arrondissement,2,intersection,29.5,47.1,6.368329,2.413472,198.8,213.8,0.07,residential,6.77
273,283,Saint-Jean-Gbèdiga,11ème Arrondissement,Sèhogan-Sikê,7ème Arrondissement,2,intersection,26.9,136.1,6.368343,2.416758,243.6,191.4,0.214,residential|unclassified,7.44
56,245,Sodjatinmè-Ouest,4ème Arrondissement,Gbèdjèwin,4ème Arrondissement,1,point,0.0,,6.369876,2.446833,283.5,0.0,1.0,residential|secondary|unclassified,
56,245,Sodjatinmè-Ouest,4ème Arrondissement,Gbèdjèwin,4ème Arrondissement,4,linear_corridor,73.6,133.6,6.36943,2.448802,138.5,150.7,0.081,residential|tertiary,5.43
56,245,Sodjatinmè-Ouest,4ème Arrondissement,Gbèdjèwin,4ème Arrondissement,1,point,0.0,,6.370601,2.447907,289.2,68.9,0.762,residential|tertiary,
56,245,Sodjatinmè-Ouest,4ème Arrondissement,Gbèdjèwin,4ème Arrondissement,1,point,0.0,,6.368576,2.449549,0.0,283.5,1.0,tertiary,
56,245,Sodjatinmè-Ouest,4ème Arrondissement,Gbèdjèwin,4ème Arrondissement,1,point,0.0,,6.370092,2.448324,216.2,141.9,0.344,residential|tertiary,
202,245,Abokicodji-Centre,4ème Arrondissement,Gbèdjèwin,4ème Arrondissement,2,intersection,15.2,45.8,6.368175,2.446829,208.8,97.3,0.534,residential|secondary,13.2
202,245,Abokicodji-Centre,4ème Arrondissement,Gbèdjèwin,4ème Arrondissement,2,intersection,15.1,52.7,6.366482,2.446823,21.2,285.5,0.926,secondary|tertiary,13.26
202,245,Abokicodji-Centre,4ème Arrondissement,Gbèdjèwin,4ème Arrondissement,1,point,0.0,,6.36739,2.446823,121.6,184.5,0.341,residential|secondary,
202,245,Abokicodji-Centre,4ème Arrondissement,Gbèdjèwin,4ème Arrondissement,1,point,0.0,,6.366945,2.446437,87.6,243.1,0.64,residential|tertiary,
202,245,Abokicodji-Centre,4ème Arrondissement,Gbèdjèwin,4ème Arrondissement,1,point,0.0,,6.367445,2.446033,158.9,210.0,0.243,residential|tertiary,
202,245,Abokicodji-Centre,4ème Arrondissement,Gbèdjèwin,4ème Arrondissement,1,point,0.0,,6.367908,2.44566,224.8,256.3,0.123,residential|tertiary,
172,245,Misséssin,4ème Arrondissement,Gbèdjèwin,4ème Arrondissement,1,point,0.0,,6.370174,2.445376,276.1,90.6,0.672,residential,
172,245,Misséssin,4ème Arrondissement,Gbèdjèwin,4ème Arrondissement,1,point,0.0,,6.368932,2.444834,213.0,193.8,0.09,residential|tertiary,
172,245,Misséssin,4ème Arrondissement,Gbèdjèwin,4ème Arrondissement,1,point,0.0,,6.369937,2.444023,69.8,297.0,0.765,residential|tertiary,
172,245,Misséssin,4ème Arrondissement,Gbèdjèwin,4ème Arrondissement,1,point,0.0,,6.369423,2.444437,143.0,223.8,0.361,residential|tertiary,
172,245,Misséssin,4ème Arrondissement,Gbèdjèwin,4ème Arrondissement,1,point,0.0,,6.368436,2.445234,283.8,181.1,0.362,tertiary|unclassified,
172,245,Misséssin,4ème Arrondissement,Gbèdjèwin,4ème Arrondissement,1,point,0.0,,6.371788,2.445405,248.1,289.0,0.141,primary|residential,
56,202,Sodjatinmè-Ouest,4ème Arrondissement,Abokicodji-Centre,4ème Arrondissement,1,point,0.0,,6.367034,2.447717,265.2,123.0,0.536,residential|tertiary,
50,269,Minontchou,2ème Arrondissement,Agbodjèdo,3ème Arrondissement,5,linear_corridor,151.9,93.5,6.393017,2.4485,148.5,159.4,0.069,residential|tertiary,3.29
50,269,Minontchou,2ème Arrondissement,Agbodjèdo,3ème Arrondissement,2,linear_corridor,52.2,110.6,6.393009,2.449909,29.5,278.3,0.894,residential|tertiary,3.83
50,269,Minontchou,2ème Arrondissement,Agbodjèdo,3ème Arrondissement,1,point,0.0,,6.393959,2.448074,299.7,210.0,0.299,residential,
50,269,Minontchou,2ème Arrondissement,Agbodjèdo,3ème Arrondissement,1,point,0.0,,6.391815,2.448567,282.8,289.9,0.024,residential,
50,269,Minontchou,2ème Arrondissement,Agbodjèdo,3ème Arrondissement,1,point,0.0,,6.394171,2.448574,266.3,277.2,0.04,residential,
207,301,Gbèdagba,8ème Arrondissement,Gbèdjromèdè-Nord,6ème Arrondissement,2,intersection,17.1,138.5,6.383236,2.414853,199.2,159.3,0.201,residential|secondary,11.7
207,301,Gbèdagba,8ème Arrondissement,Gbèdjromèdè-Nord,6ème Arrondissement,1,point,0.0,,6.382649,2.415358,283.2,231.5,0.183,residential,
207,301,Gbèdagba,8ème Arrondissement,Gbèdjromèdè-Nord,6ème Arrondissement,1,point,0.0,,6.383767,2.414449,256.1,229.9,0.102,residential,
37,80,Vodjè-Finagnon,11ème Arrondissement,Vodjè-Ayidoté,11ème Arrondissement,1,point,0.0,,6.373635,2.402743,299.1,65.2,0.782,residential|tertiary,
215,255,Dagbédji-Sikê,7ème Arrondissement,Énagnon-Sikê,7ème Arrondissement,2,intersection,37.8,51.2,6.371201,2.414281,274.1,258.6,0.057,primary|residential,5.29
254,302,Yolomahouto,Godomey,Hlouacomey,Godomey,46,intersection,389.4,150.6,6.39202,2.347378,199.2,180.8,0.093,residential|service|tertiary|trunk|unclassified,11.81
248,302,"Nonhouénou
",Godomey,Hlouacomey,Godomey,26,linear_corridor,362.6,127.5,6.393439,2.346812,228.4,121.8,0.467,residential|secondary|tertiary|trunk|unclassified,7.17
248,302,"Nonhouénou
",Godomey,Hlouacomey,Godomey,1,point,0.0,,6.393321,2.345631,176.3,249.1,0.292,residential,
248,302,"Nonhouénou
",Godomey,Hlouacomey,Godomey,1,point,0.0,,6.394138,2.347135,278.4,290.2,0.041,residential,
248,254,"Nonhouénou
",Godomey,Yolomahouto,Godomey,14,intersection,170.9,161.6,6.393086,2.346871,239.1,250.6,0.046,residential|tertiary|trunk|unclassified,8.19
103,195,"Aïmèvo
",Godomey,Salamey,Godomey,6,linear_corridor,124.1,127.1,6.389887,2.342806,178.9,246.2,0.274,residential|secondary,4.84
103,195,"Aïmèvo
",Godomey,Salamey,Godomey,3,linear_corridor,61.0,-160.7,6.391519,2.34251,281.0,64.3,0.771,residential|secondary,4.92
103,195,"Aïmèvo
",Godomey,Salamey,Godomey,1,point,0.0,,6.389784,2.341877,145.1,291.8,0.503,residential,
103,195,"Aïmèvo
",Godomey,Salamey,Godomey,1,point,0.0,,6.391135,2.342973,291.8,157.1,0.462,residential,
67,168,Sètôvi,10ème Arrondissement,Missogbé,10ème Arrondissement,3,linear_corridor,110.7,178.8,6.38069,2.390022,235.5,191.0,0.189,residential,2.71
67,168,Sètôvi,10ème Arrondissement,Missogbé,10ème Arrondissement,3,linear_corridor,51.9,95.7,6.381085,2.390779,261.1,52.2,0.8,residential,5.79
67,168,Sètôvi,10ème Arrondissement,Missogbé,10ème Arrondissement,3,intersection,48.4,86.5,6.380721,2.389213,181.1,278.6,0.35,residential,6.2
122,166,Agontinkon,8ème Arrondissement,Agbondjèdo,8ème Arrondissement,1,point,0.0,,6.37683,2.408011,76.8,261.0,0.706,residential,
122,166,Agontinkon,8ème Arrondissement,Agbondjèdo,8ème Arrondissement,1,point,0.0,,6.375437,2.409092,272.5,65.3,0.76,residential,
122,166,Agontinkon,8ème Arrondissement,Agbondjèdo,8ème Arrondissement,1,point,0.0,,6.375908,2.408754,208.1,129.7,0.377,residential,
122,166,Agontinkon,8ème Arrondissement,Agbondjèdo,8ème Arrondissement,1,point,0.0,,6.376361,2.408381,143.1,194.7,0.265,residential,
196,278,Aïdjèdo-Vignon,6ème Arrondissement,Hindé-Nord,6ème Arrondissement,1,point,0.0,,6.377085,2.429185,98.3,272.5,0.639,residential,
196,278,Aïdjèdo-Vignon,6ème Arrondissement,Hindé-Nord,6ème Arrondissement,3,bridge,0.0,,6.376786,2.430186,197.0,173.8,0.118,residential,
196,278,Aïdjèdo-Vignon,6ème Arrondissement,Hindé-Nord,6ème Arrondissement,1,point,0.0,,6.379178,2.430408,296.9,236.8,0.203,residential,
196,278,Aïdjèdo-Vignon,6ème Arrondissement,Hindé-Nord,6ème Arrondissement,1,point,0.0,,6.376195,2.430508,238.8,215.8,0.096,residential,
61,255,Fignon-Sikê,7ème Arrondissement,Énagnon-Sikê,7ème Arrondissement,1,point,0.0,,6.372432,2.417688,299.4,271.0,0.095,residential,
7,278,Hindé-Sud,6ème Arrondissement,Hindé-Nord,6ème Arrondissement,1,point,0.0,,6.375506,2.433302,79.1,268.9,0.706,residential,
7,278,Hindé-Sud,6ème Arrondissement,Hindé-Nord,6ème Arrondissement,1,point,0.0,,6.3767,2.432361,247.7,100.3,0.595,residential,
7,278,Hindé-Sud,6ème Arrondissement,Hindé-Nord,6ème Arrondissement,1,point,0.0,,6.376105,2.43283,163.7,184.3,0.112,residential,
105,158,Missité,13ème Arrondissement,Houénoussou,13ème Arrondissement,2,intersection,26.8,-157.6,6.366555,2.391289,287.5,9.8,0.966,residential|secondary,7.46
105,158,Missité,13ème Arrondissement,Houénoussou,13ème Arrondissement,3,linear_corridor,59.8,-141.6,6.365875,2.390126,192.3,153.7,0.201,residential|secondary,5.01
105,158,Missité,13ème Arrondissement,Houénoussou,13ème Arrondissement,2,intersection,18.3,-153.0,6.366218,2.38878,9.2,286.9,0.968,residential|secondary,10.93
105,158,Missité,13ème Arrondissement,Houénoussou,13ème Arrondissement,2,linear_corridor,58.3,-163.4,6.365882,2.389373,101.0,223.0,0.547,residential|secondary,3.43
105,158,Missité,13ème Arrondissement,Houénoussou,13ème Arrondissement,2,intersection,46.9,53.1,6.367598,2.390556,259.2,166.6,0.357,residential,4.27
105,158,Missité,13ème Arrondissement,Houénoussou,13ème Arrondissement,1,point,0.0,,6.366824,2.39028,197.7,182.8,0.075,residential,
158,235,Houénoussou,13ème Arrondissement,Houéyihô,11ème Arrondissement,20,intersection,265.1,156.4,6.367643,2.392564,211.2,235.8,0.104,residential|secondary|tertiary,7.54
163,198,Gbéto,5ème Arrondissement,Dota,5ème Arrondissement,1,point,0.0,,6.361859,2.427427,299.3,281.3,0.06,residential|tertiary,
163,198,Gbéto,5ème Arrondissement,Dota,5ème Arrondissement,1,point,0.0,,6.35813,2.426942,285.3,298.3,0.044,secondary|tertiary,
6,296,Nouveau-Pont,5ème Arrondissement,Bocossi-Tokpa,5ème Arrondissement,1,point,0.0,,6.36653,2.4334,284.7,241.1,0.153,residential|secondary,
6,296,Nouveau-Pont,5ème Arrondissement,Bocossi-Tokpa,5ème Arrondissement,1,point,0.0,,6.36994,2.433477,242.4,278.9,0.131,primary|residential,
42,259,Kpondéhou-Tchèmè,2ème Arrondissement,Ayélawadjè-Agongbomè,3ème Arrondissement,1,point,0.0,,6.38238,2.451583,214.8,212.3,0.012,residential|tertiary,
42,259,Kpondéhou-Tchèmè,2ème Arrondissement,Ayélawadjè-Agongbomè,3ème Arrondissement,1,point,0.0,,6.382384,2.450938,286.0,141.0,0.507,residential|tertiary,
42,259,Kpondéhou-Tchèmè,2ème Arrondissement,Ayélawadjè-Agongbomè,3ème Arrondissement,1,point,0.0,,6.383063,2.451586,284.7,282.2,0.009,residential,
42,259,Kpondéhou-Tchèmè,2ème Arrondissement,Ayélawadjè-Agongbomè,3ème Arrondissement,1,point,0.0,,6.38166,2.451574,287.9,286.4,0.005,residential,
183,194,Midombo,3ème Arrondissement,Adjégounlè,3ème Arrondissement,2,intersection,20.3,86.2,6.37495,2.444478,265.9,10.2,0.962,residential,9.85
183,194,Midombo,3ème Arrondissement,Adjégounlè,3ème Arrondissement,1,point,0.0,,6.375828,2.444578,158.7,97.0,0.389,residential,
183,194,Midombo,3ème Arrondissement,Adjégounlè,3ème Arrondissement,2,intersection,17.3,-168.3,6.377175,2.444577,8.7,247.0,0.965,residential|tertiary,11.53
183,194,Midombo,3ème Arrondissement,Adjégounlè,3ème Arrondissement,1,point,0.0,,6.376445,2.444583,90.1,165.6,0.456,residential,
183,194,Midombo,3ème Arrondissement,Adjégounlè,3ème Arrondissement,1,point,0.0,,6.375839,2.443296,283.5,232.4,0.18,residential,
114,151,Dédokpo,4ème Arrondissement,Abokicodji-Lagune,4ème Arrondissement,1,point,0.0,,6.365193,2.442255,260.3,79.0,0.697,residential|secondary,
114,151,Dédokpo,4ème Arrondissement,Abokicodji-Lagune,4ème Arrondissement,1,point,0.0,,6.367299,2.442323,50.7,288.6,0.824,residential|secondary,
114,151,Dédokpo,4ème Arrondissement,Abokicodji-Lagune,4ème Arrondissement,4,linear_corridor,85.6,-174.2,6.366317,2.442157,153.1,186.2,0.178,residential|secondary|unclassified,4.67
193,245,Gbénonkpô,3ème Arrondissement,Gbèdjèwin,4ème Arrondissement,1,point,0.0,,6.369937,2.444023,246.9,297.0,0.169,residential|tertiary,
114,172,Dédokpo,4ème Arrondissement,Misséssin,4ème Arrondissement,3,linear_corridor,62.5,173.9,6.37023,2.442775,251.2,137.6,0.452,residential|secondary,4.8
114,172,Dédokpo,4ème Arrondissement,Misséssin,4ème Arrondissement,1,point,0.0,,6.369423,2.444437,282.7,143.0,0.494,residential|tertiary,
114,172,Dédokpo,4ème Arrondissement,Misséssin,4ème Arrondissement,1,point,0.0,,6.368232,2.442528,46.5,291.7,0.841,residential|secondary,
114,172,Dédokpo,4ème Arrondissement,Misséssin,4ème Arrondissement,2,linear_corridor,52.4,-170.9,6.36904,2.44267,137.7,200.5,0.313,residential|secondary,3.82
114,193,Dédokpo,4ème Arrondissement,Gbénonkpô,3ème Arrondissement,3,linear_corridor,62.5,173.9,6.37023,2.442775,251.2,161.9,0.355,residential|secondary,4.8
114,193,Dédokpo,4ème Arrondissement,Gbénonkpô,3ème Arrondissement,1,point,0.0,,6.369273,2.442707,163.9,249.1,0.342,residential|secondary,
114,245,Dédokpo,4ème Arrondissement,Gbèdjèwin,4ème Arrondissement,1,point,0.0,,6.369423,2.444437,282.7,223.8,0.208,residential|tertiary,
108,132,Adôgléta,3ème Arrondissement,Hlacômey,3ème Arrondissement,3,linear_corridor,69.5,-165.7,6.386235,2.440545,39.3,278.4,0.859,residential|secondary,4.32
108,132,Adôgléta,3ème Arrondissement,Hlacômey,3ème Arrondissement,1,point,0.0,,6.387875,2.440775,227.2,90.5,0.602,residential|secondary,
108,132,Adôgléta,3ème Arrondissement,Hlacômey,3ème Arrondissement,4,linear_corridor,109.3,-171.7,6.387176,2.440052,228.3,222.0,0.028,residential,3.66
108,132,Adôgléta,3ème Arrondissement,Hlacômey,3ème Arrondissement,1,point,0.0,,6.387249,2.440714,157.3,160.4,0.02,residential|secondary,
81,164,Godomey-Togoudo,Godomey,Sèdomey,Godomey,2,intersection,40.3,-174.8,6.404117,2.341343,279.0,52.3,0.813,tertiary,4.96
81,164,Godomey-Togoudo,Godomey,Sèdomey,Godomey,1,point,0.0,,6.401837,2.341379,43.0,288.3,0.851,residential|tertiary|trunk,
81,164,Godomey-Togoudo,Godomey,Sèdomey,Godomey,10,linear_corridor,198.4,123.3,6.403039,2.341061,190.4,204.5,0.069,residential|tertiary|trunk,5.04
11,81,"Djoukpa-Togoudo
",Godomey,Godomey-Togoudo,Godomey,1,point,0.0,,6.402056,2.340324,291.3,105.0,0.64,residential|secondary,
11,81,"Djoukpa-Togoudo
",Godomey,Godomey-Togoudo,Godomey,4,linear_corridor,127.0,124.4,6.402737,2.339343,154.5,241.8,0.361,residential|secondary,3.15
11,81,"Djoukpa-Togoudo
",Godomey,Godomey-Togoudo,Godomey,1,point,0.0,,6.401802,2.339638,296.8,188.2,0.366,residential,
11,81,"Djoukpa-Togoudo
",Godomey,Godomey-Togoudo,Godomey,1,point,0.0,,6.403225,2.339555,242.8,284.2,0.146,residential,
105,292,Missité,13ème Arrondissement,Gbèdégbé,13ème Arrondissement,4,linear_corridor,120.0,-162.8,6.365659,2.387109,215.3,205.8,0.044,residential|secondary,3.33
105,292,Missité,13ème Arrondissement,Gbèdégbé,13ème Arrondissement,1,point,0.0,,6.365884,2.386368,258.5,89.5,0.654,residential|secondary,
105,292,Missité,13ème Arrondissement,Gbèdégbé,13ème Arrondissement,2,linear_corridor,50.7,164.1,6.366843,2.387182,239.6,264.1,0.093,residential,3.95
56,266,Sodjatinmè-Ouest,4ème Arrondissement,Fifatin,3ème Arrondissement,1,point,0.0,,6.370192,2.451584,287.9,208.7,0.275,residential|tertiary,
49,280,"Finafa
",Godomey,"Sèdjannako
",Godomey,1,point,0.0,,6.391254,2.352404,258.0,53.9,0.791,residential|tertiary,
49,280,"Finafa
",Godomey,"Sèdjannako
",Godomey,2,linear_corridor,56.2,-147.9,6.392938,2.353429,47.0,264.9,0.823,residential|tertiary,3.56
49,280,"Finafa
",Godomey,"Sèdjannako
",Godomey,1,point,0.0,,6.392214,2.352969,135.3,176.6,0.234,residential|tertiary,
49,280,"Finafa
",Godomey,"Sèdjannako
",Godomey,2,intersection,43.2,-151.1,6.391781,2.353403,222.1,220.3,0.008,residential,4.63
49,280,"Finafa
",Godomey,"Sèdjannako
",Godomey,1,point,0.0,,6.392697,2.352207,235.2,276.5,0.149,residential,
280,302,"Sèdjannako
",Godomey,Hlouacomey,Godomey,1,point,0.0,,6.391835,2.350137,245.8,274.2,0.104,residential|trunk|unclassified,
206,212,Sèdjro-Saint-Michel,7ème Arrondissement,Gbédokpo,5ème Arrondissement,1,point,0.0,,6.365086,2.431502,283.1,190.2,0.328,primary|residential,
206,212,Sèdjro-Saint-Michel,7ème Arrondissement,Gbédokpo,5ème Arrondissement,6,linear_corridor,88.9,141.1,6.365751,2.428621,214.7,268.5,0.2,primary|residential|tertiary,6.75
206,212,Sèdjro-Saint-Michel,7ème Arrondissement,Gbédokpo,5ème Arrondissement,1,point,0.0,,6.365572,2.431115,215.0,258.3,0.168,primary|residential,
104,128,Aïdjèdo,6ème Arrondissement,Aïdjèdo-Ahito,6ème Arrondissement,1,point,0.0,,6.378394,2.423363,215.1,200.7,0.067,residential,
104,128,Aïdjèdo,6ème Arrondissement,Aïdjèdo-Ahito,6ème Arrondissement,1,point,0.0,,6.377923,2.423733,254.1,267.2,0.049,residential,
104,128,Aïdjèdo,6ème Arrondissement,Aïdjèdo-Ahito,6ème Arrondissement,1,point,0.0,,6.37885,2.423003,279.6,263.8,0.057,residential,
61,128,Fignon-Sikê,7ème Arrondissement,Aïdjèdo-Ahito,6ème Arrondissement,1,point,0.0,,6.375654,2.419865,171.9,276.6,0.379,residential,
61,128,Fignon-Sikê,7ème Arrondissement,Aïdjèdo-Ahito,6ème Arrondissement,1,point,0.0,,6.376404,2.419893,255.3,286.0,0.107,residential,
263,278,Djidjè,6ème Arrondissement,Hindé-Nord,6ème Arrondissement,1,point,0.0,,6.379178,2.430408,203.3,236.8,0.141,residential,
263,278,Djidjè,6ème Arrondissement,Hindé-Nord,6ème Arrondissement,3,intersection,62.1,79.9,6.37822,2.433176,276.0,152.9,0.446,residential,4.83
263,278,Djidjè,6ème Arrondissement,Hindé-Nord,6ème Arrondissement,2,intersection,42.7,142.6,6.379154,2.432682,145.3,249.9,0.419,residential,4.69
263,278,Djidjè,6ème Arrondissement,Hindé-Nord,6ème Arrondissement,1,point,0.0,,6.378517,2.430928,281.9,156.4,0.445,residential,
196,263,Aïdjèdo-Vignon,6ème Arrondissement,Djidjè,6ème Arrondissement,1,point,0.0,,6.379178,2.430408,296.9,203.3,0.315,residential,
132,200,Hlacômey,3ème Arrondissement,Sègbèya-Nord,3ème Arrondissement,1,point,0.0,,6.38868,2.443475,289.7,137.4,0.526,residential,
132,200,Hlacômey,3ème Arrondissement,Sègbèya-Nord,3ème Arrondissement,3,linear_corridor,66.2,105.5,6.38993,2.443046,233.3,276.4,0.156,residential,4.53
205,287,Jéricho-Sud,6ème Arrondissement,Dantôkpa,6ème Arrondissement,1,point,0.0,,6.372676,2.431231,248.5,213.1,0.143,residential,
205,287,Jéricho-Sud,6ème Arrondissement,Dantôkpa,6ème Arrondissement,1,point,0.0,,6.37016,2.43049,182.0,281.9,0.354,residential,
205,287,Jéricho-Sud,6ème Arrondissement,Dantôkpa,6ème Arrondissement,1,point,0.0,,6.369672,2.430867,244.1,238.9,0.022,primary|residential|service,
6,287,Nouveau-Pont,5ème Arrondissement,Dantôkpa,6ème Arrondissement,9,bridge,0.0,,6.369798,2.433387,242.4,246.7,0.017,footway|primary|residential|service,
6,287,Nouveau-Pont,5ème Arrondissement,Dantôkpa,6ème Arrondissement,1,point,0.0,,6.37016,2.43049,219.2,281.9,0.223,residential,
6,287,Nouveau-Pont,5ème Arrondissement,Dantôkpa,6ème Arrondissement,1,point,0.0,,6.370069,2.43142,226.6,169.4,0.252,service,
6,287,Nouveau-Pont,5ème Arrondissement,Dantôkpa,6ème Arrondissement,1,point,0.0,,6.369672,2.430867,157.1,238.9,0.342,primary|residential|service,
5,98,Yévèdo,7ème Arrondissement,Gbèdomidji,7ème Arrondissement,2,intersection,22.1,138.4,6.365043,2.421434,261.1,177.5,0.32,residential|secondary,9.06
5,98,Yévèdo,7ème Arrondissement,Gbèdomidji,7ème Arrondissement,1,point,0.0,,6.365708,2.420914,167.4,271.2,0.383,residential|secondary,
50,92,Minontchou,2ème Arrondissement,Gankpodo,2ème Arrondissement,4,linear_corridor,158.9,105.3,6.392448,2.451878,177.6,199.0,0.108,residential|tertiary,2.52
12,231,Cadjèhoun-Azalokogon,12ème Arrondissement,Haie-Vive-Cocotiers,12ème Arrondissement,5,intersection,76.5,153.2,6.35575,2.399208,277.7,187.2,0.326,residential|service,6.54
12,231,Cadjèhoun-Azalokogon,12ème Arrondissement,Haie-Vive-Cocotiers,12ème Arrondissement,6,linear_corridor,87.6,139.7,6.356172,2.39991,163.5,263.7,0.38,primary|residential|tertiary,6.85
12,231,Cadjèhoun-Azalokogon,12ème Arrondissement,Haie-Vive-Cocotiers,12ème Arrondissement,1,point,0.0,,6.356556,2.397996,260.8,231.1,0.114,residential,
42,68,Kpondéhou-Tchèmè,2ème Arrondissement,Kpondéhou,2ème Arrondissement,1,point,0.0,,6.384934,2.453551,279.4,102.6,0.633,residential|tertiary,
42,68,Kpondéhou-Tchèmè,2ème Arrondissement,Kpondéhou,2ème Arrondissement,1,point,0.0,,6.383668,2.45354,138.6,243.4,0.43,residential|tertiary,
42,68,Kpondéhou-Tchèmè,2ème Arrondissement,Kpondéhou,2ème Arrondissement,1,point,0.0,,6.38429,2.453546,207.8,174.2,0.162,residential|tertiary,
6,205,Nouveau-Pont,5ème Arrondissement,Jéricho-Sud,6ème Arrondissement,1,point,0.0,,6.37016,2.43049,219.2,182.0,0.17,residential,
6,205,Nouveau-Pont,5ème Arrondissement,Jéricho-Sud,6ème Arrondissement,1,point,0.0,,6.369672,2.430867,157.1,244.1,0.356,primary|residential|service,
6,205,Nouveau-Pont,5ème Arrondissement,Jéricho-Sud,6ème Arrondissement,1,point,0.0,,6.369748,2.429923,251.6,252.9,0.005,primary|residential,
12,203,Cadjèhoun-Azalokogon,12ème Arrondissement,Cadjèhoun-Agonga,12ème Arrondissement,1,point,0.0,,6.358597,2.396809,294.6,112.2,0.619,residential,
12,203,Cadjèhoun-Azalokogon,12ème Arrondissement,Cadjèhoun-Agonga,12ème Arrondissement,1,point,0.0,,6.359061,2.397554,253.2,246.3,0.027,residential,
12,203,Cadjèhoun-Azalokogon,12ème Arrondissement,Cadjèhoun-Agonga,12ème Arrondissement,1,point,0.0,,6.357569,2.397263,225.7,275.9,0.182,residential,
193,194,Gbénonkpô,3ème Arrondissement,Adjégounlè,3ème Arrondissement,1,point,0.0,,6.372569,2.444431,283.3,284.4,0.004,residential,
131,215,Gbégamey-Dodo-Ayidjè,11ème Arrondissement,Dagbédji-Sikê,7ème Arrondissement,1,point,0.0,,6.367979,2.411129,209.8,252.6,0.169,residential,
109,170,Ahouansouri-Agata,6ème Arrondissement,Aïdjèdo-Gbègo,6ème Arrondissement,1,point,0.0,,6.381944,2.425938,217.3,266.1,0.183,residential,
109,170,Ahouansouri-Agata,6ème Arrondissement,Aïdjèdo-Gbègo,6ème Arrondissement,1,point,0.0,,6.383976,2.426623,289.2,196.4,0.321,residential,
109,170,Ahouansouri-Agata,6ème Arrondissement,Aïdjèdo-Gbègo,6ème Arrondissement,1,point,0.0,,6.384442,2.426255,231.6,262.2,0.117,residential|tertiary,
245,266,Gbèdjèwin,4ème Arrondissement,Fifatin,3ème Arrondissement,1,point,0.0,,6.371832,2.44945,287.5,237.3,0.174,primary|residential,
197,259,Sègbèya-Sud,3ème Arrondissement,Ayélawadjè-Agongbomè,3ème Arrondissement,1,point,0.0,,6.382419,2.446949,248.0,295.4,0.16,secondary|tertiary,
20,90,Yagbé,1er Arrondissement,Avotrou-Gbègo,1er Arrondissement,1,point,0.0,,6.37557,2.468157,297.8,147.1,0.506,residential,
20,90,Yagbé,1er Arrondissement,Avotrou-Gbègo,1er Arrondissement,1,point,0.0,,6.374194,2.468132,149.1,295.8,0.496,residential,
20,90,Yagbé,1er Arrondissement,Avotrou-Gbègo,1er Arrondissement,1,point,0.0,,6.374913,2.468154,227.3,217.6,0.043,residential,
147,227,Gbégamey-Ahito,11ème Arrondissement,Gbégamey-Centre,11ème Arrondissement,1,point,0.0,,6.364352,2.4094,150.0,297.5,0.496,residential|secondary,
147,227,Gbégamey-Ahito,11ème Arrondissement,Gbégamey-Centre,11ème Arrondissement,1,point,0.0,,6.363789,2.410615,298.2,149.3,0.499,residential|secondary,
147,227,Gbégamey-Ahito,11ème Arrondissement,Gbégamey-Centre,11ème Arrondissement,1,point,0.0,,6.364059,2.410032,227.0,220.5,0.029,residential|secondary,
147,227,Gbégamey-Ahito,11ème Arrondissement,Gbégamey-Centre,11ème Arrondissement,1,point,0.0,,6.364961,2.410197,261.1,288.8,0.096,residential|unclassified,
63,130,Xwlacôdji-Kpodji,5ème Arrondissement,Xwlacôdji-Plage,5ème Arrondissement,2,intersection,43.9,-146.5,6.354487,2.439674,262.1,276.1,0.051,residential|service,4.55
63,257,Xwlacôdji-Kpodji,5ème Arrondissement,Guinkômey,5ème Arrondissement,8,intersection,130.4,-135.6,6.355463,2.437378,228.6,215.6,0.057,primary|residential|service|tertiary,6.13
63,257,Xwlacôdji-Kpodji,5ème Arrondissement,Guinkômey,5ème Arrondissement,2,linear_corridor,58.4,57.5,6.35644,2.4387,277.8,236.7,0.148,primary|secondary|tertiary,3.43
63,257,Xwlacôdji-Kpodji,5ème Arrondissement,Guinkômey,5ème Arrondissement,1,point,0.0,,6.355361,2.43843,296.6,255.4,0.139,residential,
184,308,"Adjamè
",Golo-Djigbé,Golo-Djigbé,Golo-Djigbé,3,linear_corridor,107.5,135.3,6.560909,2.298441,227.7,203.6,0.106,trunk,2.79
2,265,Kowégbo,2ème Arrondissement,Suru-Léré,1er Arrondissement,1,point,0.0,,6.381545,2.464172,246.3,280.5,0.122,residential,
2,265,Kowégbo,2ème Arrondissement,Suru-Léré,1er Arrondissement,1,point,0.0,,6.382254,2.463521,245.4,285.6,0.141,residential|tertiary,
2,265,Kowégbo,2ème Arrondissement,Suru-Léré,1er Arrondissement,2,linear_corridor,55.3,-173.9,6.37988,2.465824,264.9,271.0,0.023,residential|tertiary,3.62
32,97,Todoté,7ème Arrondissement,Gbènan,7ème Arrondissement,1,point,0.0,,6.364968,2.4215,285.5,243.0,0.149,residential|secondary,
5,32,Yévèdo,7ème Arrondissement,Todoté,7ème Arrondissement,1,point,0.0,,6.364968,2.4215,272.1,285.5,0.047,residential|secondary,
5,32,Yévèdo,7ème Arrondissement,Todoté,7ème Arrondissement,1,point,0.0,,6.365039,2.420095,284.5,268.3,0.057,residential,
229,292,Aïbatin-Dodo,12ème Arrondissement,Gbèdégbé,13ème Arrondissement,2,linear_corridor,52.1,102.3,6.364401,2.384413,275.2,176.8,0.358,residential|secondary,3.84
229,292,Aïbatin-Dodo,12ème Arrondissement,Gbèdégbé,13ème Arrondissement,3,intersection,54.4,55.5,6.363576,2.384144,180.0,266.9,0.326,residential|secondary,5.51
229,292,Aïbatin-Dodo,12ème Arrondissement,Gbèdégbé,13ème Arrondissement,1,point,0.0,,6.363523,2.384886,257.6,287.8,0.105,residential,
229,292,Aïbatin-Dodo,12ème Arrondissement,Gbèdégbé,13ème Arrondissement,1,point,0.0,,6.364141,2.383693,282.0,291.0,0.031,residential,
89,266,Sodjatinmè-Centre,4ème Arrondissement,Fifatin,3ème Arrondissement,1,point,0.0,,6.370346,2.452926,278.8,162.1,0.419,primary|residential,
89,266,Sodjatinmè-Centre,4ème Arrondissement,Fifatin,3ème Arrondissement,3,intersection,47.4,54.7,6.369965,2.453502,229.3,253.1,0.094,primary|residential|tertiary,6.33
195,248,Salamey,Godomey,"Nonhouénou
",Godomey,11,linear_corridor,214.2,160.2,6.393036,2.343901,230.8,239.3,0.035,residential|secondary,5.13
121,181,Sènadé,2ème Arrondissement,Ahouassa,2ème Arrondissement,1,point,0.0,,6.381623,2.457909,274.4,233.8,0.148,residential,
121,181,Sènadé,2ème Arrondissement,Ahouassa,2ème Arrondissement,1,point,0.0,,6.380345,2.459214,287.6,231.4,0.195,residential|tertiary,
121,181,Sènadé,2ème Arrondissement,Ahouassa,2ème Arrondissement,2,intersection,15.6,-177.9,6.382337,2.457262,281.8,236.1,0.162,residential|tertiary,12.85
121,181,Sènadé,2ème Arrondissement,Ahouassa,2ème Arrondissement,1,point,0.0,,6.379703,2.459395,236.0,284.1,0.169,residential|tertiary,
148,219,Dandji,1er Arrondissement,Finagnon,1er Arrondissement,1,point,0.0,,6.365624,2.478457,268.7,265.7,0.011,residential,
148,219,Dandji,1er Arrondissement,Finagnon,1er Arrondissement,2,intersection,17.1,174.5,6.366604,2.476888,265.9,227.6,0.144,residential|unclassified,11.7
17,151,Akpakpa-Dodomè,4ème Arrondissement,Abokicodji-Lagune,4ème Arrondissement,2,linear_corridor,57.7,57.6,6.362459,2.443449,244.4,239.0,0.022,secondary|service,3.46
210,229,Aïbatin-Kpota,13ème Arrondissement,Aïbatin-Dodo,12ème Arrondissement,1,point,0.0,,6.361741,2.380751,242.0,293.5,0.176,residential,
210,229,Aïbatin-Kpota,13ème Arrondissement,Aïbatin-Dodo,12ème Arrondissement,5,intersection,98.9,81.0,6.363732,2.383476,233.6,248.7,0.061,residential,5.06
157,168,Midédji,10ème Arrondissement,Missogbé,10ème Arrondissement,3,linear_corridor,84.8,-155.1,6.38384,2.391734,268.1,249.6,0.069,residential|tertiary,3.54
34,61,Missité-Sikê,7ème Arrondissement,Fignon-Sikê,7ème Arrondissement,1,point,0.0,,6.375469,2.418726,271.5,192.7,0.29,residential,
34,61,Missité-Sikê,7ème Arrondissement,Fignon-Sikê,7ème Arrondissement,1,point,0.0,,6.375931,2.418358,206.1,258.2,0.202,residential,
37,62,Vodjè-Finagnon,11ème Arrondissement,Vodjè-Centre,11ème Arrondissement,2,intersection,15.2,51.7,6.370605,2.401836,193.6,267.7,0.277,residential,13.17
37,62,Vodjè-Finagnon,11ème Arrondissement,Vodjè-Centre,11ème Arrondissement,2,intersection,15.1,52.1,6.370135,2.402199,259.4,201.9,0.222,residential,13.27
112,145,Irédé,2ème Arrondissement,Sodjatinmè-Est,4ème Arrondissement,1,point,0.0,,6.369781,2.45729,265.6,295.3,0.1,residential,
112,145,Irédé,2ème Arrondissement,Sodjatinmè-Est,4ème Arrondissement,1,point,0.0,,6.372645,2.459727,297.3,279.9,0.059,residential|tertiary,
41,67,Védokô,10ème Arrondissement,Sètôvi,10ème Arrondissement,2,intersection,32.2,164.4,6.379616,2.387289,277.3,274.3,0.011,residential,6.2
287,296,Dantôkpa,6ème Arrondissement,Bocossi-Tokpa,5ème Arrondissement,1,point,0.0,,6.36938,2.433919,284.5,204.7,0.28,residential,
287,296,Dantôkpa,6ème Arrondissement,Bocossi-Tokpa,5ème Arrondissement,1,point,0.0,,6.36994,2.433477,210.3,278.9,0.246,primary|residential,
71,147,Cadjèhoun-Détinsa,12ème Arrondissement,Gbégamey-Ahito,11ème Arrondissement,1,point,0.0,,6.36603,2.405807,160.2,288.9,0.445,residential|secondary,
71,147,Cadjèhoun-Détinsa,12ème Arrondissement,Gbégamey-Ahito,11ème Arrondissement,1,point,0.0,,6.364912,2.406347,254.0,233.2,0.082,residential|secondary,
71,147,Cadjèhoun-Détinsa,12ème Arrondissement,Gbégamey-Ahito,11ème Arrondissement,1,point,0.0,,6.365745,2.406352,228.3,220.8,0.033,residential|secondary,
71,147,Cadjèhoun-Détinsa,12ème Arrondissement,Gbégamey-Ahito,11ème Arrondissement,1,point,0.0,,6.36533,2.405978,191.9,295.3,0.35,secondary,
71,147,Cadjèhoun-Détinsa,12ème Arrondissement,Gbégamey-Ahito,11ème Arrondissement,1,point,0.0,,6.366784,2.406691,289.0,263.3,0.089,residential|secondary,
38,42,Lom-Nava,2ème Arrondissement,Kpondéhou-Tchèmè,2ème Arrondissement,1,point,0.0,,6.379742,2.453528,288.1,285.4,0.009,residential,
125,156,Ahogbohoué-Cité-De-l'Expérience,13ème Arrondissement,Agla-Petit-Château,13ème Arrondissement,2,intersection,48.3,-177.8,6.379793,2.37214,261.4,237.0,0.093,residential|tertiary,4.14
104,171,Aïdjèdo,6ème Arrondissement,Jéricho-Nord,6ème Arrondissement,1,point,0.0,,6.377604,2.42524,227.1,236.6,0.04,residential|secondary,
104,171,Aïdjèdo,6ème Arrondissement,Jéricho-Nord,6ème Arrondissement,1,point,0.0,,6.377473,2.424087,294.2,276.2,0.061,residential,
210,292,Aïbatin-Kpota,13ème Arrondissement,Gbèdégbé,13ème Arrondissement,1,point,0.0,,6.363541,2.383913,277.3,298.2,0.07,residential,
210,292,Aïbatin-Kpota,13ème Arrondissement,Gbèdégbé,13ème Arrondissement,1,point,0.0,,6.364141,2.383693,291.9,291.0,0.003,residential,
134,163,Zongo-Nima,5ème Arrondissement,Gbéto,5ème Arrondissement,1,point,0.0,,6.35813,2.426942,252.9,285.3,0.113,secondary|tertiary,
134,198,Zongo-Nima,5ème Arrondissement,Dota,5ème Arrondissement,1,point,0.0,,6.35813,2.426942,252.9,298.3,0.152,secondary|tertiary,
52,63,Tokpa-Hoho,5ème Arrondissement,Xwlacôdji-Kpodji,5ème Arrondissement,2,linear_corridor,58.4,57.5,6.35644,2.4387,271.9,277.8,0.021,primary|secondary|tertiary,3.43
194,300,Adjégounlè,3ème Arrondissement,Ayélawadjè,3ème Arrondissement,1,point,0.0,,6.374964,2.446895,250.3,282.0,0.113,residential|secondary,
22,52,Missèbô,5ème Arrondissement,Tokpa-Hoho,5ème Arrondissement,2,intersection,16.2,51.4,6.36097,2.43775,277.2,266.2,0.04,secondary|service|tertiary,12.35
10,255,Minonkpô-Wologuèdè,8ème Arrondissement,Énagnon-Sikê,7ème Arrondissement,1,point,0.0,,6.372782,2.415327,253.0,281.6,0.102,residential|secondary,
62,291,Vodjè-Centre,11ème Arrondissement,Vodjè-Kpota,12ème Arrondissement,3,intersection,37.1,110.3,6.369346,2.400899,273.2,265.5,0.028,residential|secondary,8.09
112,266,Irédé,2ème Arrondissement,Fifatin,3ème Arrondissement,1,point,0.0,,6.372269,2.454349,294.5,246.0,0.165,residential,
104,196,Aïdjèdo,6ème Arrondissement,Aïdjèdo-Vignon,6ème Arrondissement,1,point,0.0,,6.379436,2.426574,266.2,274.7,0.031,residential,
195,254,Salamey,Godomey,Yolomahouto,Godomey,6,intersection,102.4,52.1,6.391925,2.344484,255.9,250.6,0.02,residential,5.86
185,234,Ladji,6ème Arrondissement,Ahouansori-Towéta-Kpota,6ème Arrondissement,1,point,0.0,,6.391438,2.429922,240.8,292.4,0.176,residential,
266,300,Fifatin,3ème Arrondissement,Ayélawadjè,3ème Arrondissement,1,point,0.0,,6.374381,2.451646,265.7,290.3,0.085,residential,
183,197,Midombo,3ème Arrondissement,Sègbèya-Sud,3ème Arrondissement,1,point,0.0,,6.37979,2.444606,278.0,276.2,0.006,residential,
45,250,Agounvocôdji,10ème Arrondissement,Zogbohouè,9ème Arrondissement,1,point,0.0,,6.389394,2.383239,284.1,268.1,0.056,tertiary,
9,40,Tankpè-Togoudo,Godomey,"Maria-Gléta
",Godomey,1,point,0.0,,6.420048,2.309296,261.6,286.5,0.087,residential|tertiary,
11,164,"Djoukpa-Togoudo
",Godomey,Sèdomey,Godomey,2,intersection,19.1,-147.0,6.403569,2.339711,285.0,290.0,0.017,residential,10.48
